,year,community,elec_efficiency,gas_efficiency,ghg_efficiency
0,2014,ALBANY PARK,7.436698968427634,7.436698968427634,7.436698968427634
1,2014,ARCHER HEIGHTS,16.929336284174994,16.929336284174994,16.929336284174994
2,2014,ARMOUR SQUARE,12.528807777935095,12.528807777935095,12.528807777935095
3,2014,ASHBURN,8.040000000000001,8.040000000000001,8.040000000000001
4,2014,BELMONT CRAGIN,8.237476808905381,8.237476808905381,8.237476808905381
5,2014,BRIGHTON PARK,9.144461719922797,9.144461719922797,9.144461719922797
6,2014,CALUMET HEIGHTS,25.663325990891035,25.663325990891035,25.663325990891035
7,2014,CHATHAM,13.611248687173111,13.611248687173111,13.611248687173111
8,2014,DOUGLAS,7.601496544632225,7.601496544632225,7.601496544632225
9,2014,EDGEWATER,11.322008435892991,11.322008435892991,11.322008435892991
10,2014,ENGLEWOOD,20.450185883333297,20.450185883333297,20.450185883333297
11,2014,GARFIELD RIDGE,7.364020939603308,7.364020939603308,7.364020939603308
12,2014,GRAND BOULEVARD,32.11540261233439,32.11540261233439,32.11540261233439
13,2014,HYDE PARK,12.345410028420396,12.345410028420396,12.345410028420396
14,2014,IRVING PARK,8.597185576077397,8.597185576077397,8.597185576077397
15,2014,LAKEVIEW,17.29823016200151,17.29823016200151,17.29823016200151
16,2014,LINCOLN PARK,8.18260759850672,8.18260759850672,8.18260759850672
17,2014,LOOP,12.8090405662211,12.8090405662211,12.8090405662211
18,2014,LOWER WEST SIDE,6.519494567087861,6.519494567087861,6.519494567087861
19,2014,MORGAN PARK,8.805848300430458,8.805848300430458,8.805848300430458
20,2014,NEAR NORTH SIDE,17.278174623483864,17.278174623483864,17.278174623483864
21,2014,NEAR SOUTH SIDE,20.02046507919299,20.02046507919299,20.02046507919299
22,2014,NEAR WEST SIDE,15.076493939622827,15.076493939622827,15.076493939622827
23,2014,NORTH CENTER,6.416142221229924,6.416142221229924,6.416142221229924
24,2014,NORTH PARK,5.763358778625954,5.763358778625954,5.763358778625954
25,2014,NORWOOD PARK,17.22897594103289,17.22897594103289,17.22897594103289
26,2014,OHARE,13.488064390299167,13.488064390299167,13.488064390299167
27,2014,PORTAGE PARK,26.131901964288804,26.131901964288804,26.131901964288804
28,2014,PULLMAN,9.597686698516469,9.597686698516469,9.597686698516469
29,2014,ROSELAND,13.291586223945622,13.291586223945622,13.291586223945622
30,2014,SOUTH LAWNDALE,14.023338716443309,14.023338716443309,14.023338716443309
31,2014,UPTOWN,18.607519813510898,18.607519813510898,18.607519813510898
32,2014,WASHINGTON HEIGHTS,12.49556894718185,12.49556894718185,12.49556894718185
33,2014,WEST ENGLEWOOD,6.965610161288213,6.965610161288213,6.965610161288213
34,2014,WEST LAWN,7.7493415950445685,7.7493415950445685,7.7493415950445685
35,2014,WEST TOWN,24.871986372856504,24.871986372856504,24.871986372856504
36,2015,ALBANY PARK,7.0758532237165905,7.0758532237165905,7.0758532237165905
37,2015,ARCHER HEIGHTS,15.637988247846925,15.637988247846925,15.637988247846925
38,2015,ARMOUR SQUARE,8.108558009274393,8.108558009274393,8.108558009274393
39,2015,ASHBURN,9.275231933097407,9.275231933097407,9.275231933097407
40,2015,AUBURN GRESHAM,7.652592114822475,7.652592114822475,7.652592114822475
41,2015,AUSTIN,10.420666219715491,10.420666219715491,10.420666219715491
42,2015,AVONDALE,14.79819321059619,14.79819321059619,14.79819321059619
43,2015,BELMONT CRAGIN,11.241895935662816,11.241895935662816,11.241895935662816
44,2015,BEVERLY,3.889352896445979,3.889352896445979,3.889352896445979
45,2015,BRIDGEPORT,6.495905504105957,6.495905504105957,6.495905504105957
46,2015,BRIGHTON PARK,11.858240222355695,11.858240222355695,11.858240222355695
47,2015,BURNSIDE,8.490797546012269,8.490797546012269,8.490797546012269
48,2015,CALUMET HEIGHTS,24.23673664052315,24.23673664052315,24.23673664052315
49,2015,CHATHAM,13.785554830568522,13.785554830568522,13.785554830568522
50,2015,CHICAGO LAWN,10.8327953913717,10.8327953913717,10.8327953913717
51,2015,CLEARING,4.776636804288896,4.776636804288896,4.776636804288896
52,2015,DOUGLAS,8.90364420274292,8.90364420274292,8.90364420274292
53,2015,DUNNING,14.558213331015272,14.558213331015272,14.558213331015272
54,2015,EAST GARFIELD PARK,11.897080763695584,11.897080763695584,11.897080763695584
55,2015,EAST SIDE,8.028631617388289,8.028631617388289,8.028631617388289
56,2015,EDGEWATER,9.739388864799883,9.739388864799883,9.739388864799883
57,2015,EDISON PARK,7.360892108845432,7.360892108845432,7.360892108845432
58,2015,ENGLEWOOD,10.656490341742934,10.656490341742934,10.656490341742934
59,2015,FOREST GLEN,12.7267870336783,12.7267870336783,12.7267870336783
60,2015,GAGE PARK,9.216644458666734,9.216644458666734,9.216644458666734
61,2015,GARFIELD RIDGE,21.830785296372678,21.830785296372678,21.830785296372678
62,2015,GRAND BOULEVARD,12.349535445005497,12.349535445005497,12.349535445005497
63,2015,GREATER GRAND CROSSING,9.183404598836052,9.183404598836052,9.183404598836052
64,2015,HEGEWISCH,20.25123709716095,20.25123709716095,20.25123709716095
65,2015,HERMOSA,105.53882618541674,105.53882618541674,105.53882618541674
66,2015,HUMBOLDT PARK,10.831945608521425,10.831945608521425,10.831945608521425
67,2015,HYDE PARK,12.659555674127393,12.659555674127393,12.659555674127393
68,2015,IRVING PARK,11.85756252537679,11.85756252537679,11.85756252537679
69,2015,JEFFERSON PARK,18.40835608240481,18.40835608240481,18.40835608240481
70,2015,KENWOOD,8.123964810878691,8.123964810878691,8.123964810878691
71,2015,LAKEVIEW,9.520454765716647,9.520454765716647,9.520454765716647
72,2015,LINCOLN PARK,21.44791581867114,21.44791581867114,21.44791581867114
73,2015,LINCOLN SQUARE,12.204178823638332,12.204178823638332,12.204178823638332
74,2015,LOGAN SQUARE,10.421419573451093,10.421419573451093,10.421419573451093
75,2015,LOOP,11.784527688351055,11.784527688351055,11.784527688351055
76,2015,LOWER WEST SIDE,11.120541291847099,11.120541291847099,11.120541291847099
77,2015,MCKINLEY PARK,15.113031476186723,15.113031476186723,15.113031476186723
78,2015,MONTCLARE,12.510498611488508,12.510498611488508,12.510498611488508
79,2015,MORGAN PARK,13.24487390475933,13.24487390475933,13.24487390475933
80,2015,MOUNT GREENWOOD,8.134341847765038,8.134341847765038,8.134341847765038
81,2015,NEAR NORTH SIDE,11.841438121362678,11.841438121362678,11.841438121362678
82,2015,NEAR SOUTH SIDE,11.694660415643398,11.694660415643398,11.694660415643398
83,2015,NEAR WEST SIDE,12.497974875731792,12.497974875731792,12.497974875731792
84,2015,NEW CITY,12.675136331702893,12.675136331702893,12.675136331702893
85,2015,NORTH CENTER,11.529528792906772,11.529528792906772,11.529528792906772
86,2015,NORTH LAWNDALE,11.855360430202854,11.855360430202854,11.855360430202854
87,2015,NORTH PARK,13.923861428953094,13.923861428953094,13.923861428953094
88,2015,NORWOOD PARK,18.342219117253986,18.342219117253986,18.342219117253986
89,2015,OAKLAND,8.551028146421382,8.551028146421382,8.551028146421382
90,2015,OHARE,16.42993732739622,16.42993732739622,16.42993732739622
91,2015,PORTAGE PARK,12.840522242210822,12.840522242210822,12.840522242210822
92,2015,PULLMAN,49.83358049125412,49.83358049125412,49.83358049125412
93,2015,RIVERDALE,9.890054127198917,9.890054127198917,9.890054127198917
94,2015,ROGERS PARK,42.54788928258693,42.54788928258693,42.54788928258693
95,2015,ROSELAND,10.390478008675581,10.390478008675581,10.390478008675581
96,2015,SOUTH CHICAGO,7.671177675159763,7.671177675159763,7.671177675159763
97,2015,SOUTH DEERING,16.29123176100481,16.29123176100481,16.29123176100481
98,2015,SOUTH LAWNDALE,12.491175123193702,12.491175123193702,12.491175123193702
99,2015,SOUTH SHORE,11.109015837623229,11.109015837623229,11.109015837623229
100,2015,UPTOWN,9.858424545516623,9.858424545516623,9.858424545516623
101,2015,WASHINGTON HEIGHTS,13.200502864260311,13.200502864260311,13.200502864260311
102,2015,WASHINGTON PARK,9.832981726491235,9.832981726491235,9.832981726491235
103,2015,WEST ELSDON,14.837075116795976,14.837075116795976,14.837075116795976
104,2015,WEST ENGLEWOOD,8.500584221051687,8.500584221051687,8.500584221051687
105,2015,WEST GARFIELD PARK,8.08422781905741,8.08422781905741,8.08422781905741
106,2015,WEST LAWN,17.026924242257902,17.026924242257902,17.026924242257902
107,2015,WEST PULLMAN,8.562004234884864,8.562004234884864,8.562004234884864
108,2015,WEST RIDGE,10.40365662260657,10.40365662260657,10.40365662260657
109,2015,WEST TOWN,12.355295913426529,12.355295913426529,12.355295913426529
110,2015,WOODLAWN,9.75875240848599,9.75875240848599,9.75875240848599
111,2016,ALBANY PARK,7.929268588497764,7.929268588497764,7.929268588497764
112,2016,ARCHER HEIGHTS,13.356084563466336,13.356084563466336,13.356084563466336
113,2016,ARMOUR SQUARE,7.868365120762676,7.868365120762676,7.868365120762676
114,2016,ASHBURN,9.106843574712077,9.106843574712077,9.106843574712077
115,2016,AUBURN GRESHAM,8.507441731329859,8.507441731329859,8.507441731329859
116,2016,AUSTIN,9.452973003937165,9.452973003937165,9.452973003937165
117,2016,AVALON PARK,5.296903245101213,5.296903245101213,5.296903245101213
118,2016,AVONDALE,12.538790013443746,12.538790013443746,12.538790013443746
119,2016,BELMONT CRAGIN,11.556299706698075,11.556299706698075,11.556299706698075
120,2016,BEVERLY,3.910544883381742,3.910544883381742,3.910544883381742
121,2016,BRIDGEPORT,6.5735220898927444,6.5735220898927444,6.5735220898927444
122,2016,BRIGHTON PARK,11.748437070161943,11.748437070161943,11.748437070161943
123,2016,BURNSIDE,5.955419435933185,5.955419435933185,5.955419435933185
124,2016,CALUMET HEIGHTS,22.93947329733993,22.93947329733993,22.93947329733993
125,2016,CHATHAM,13.446976571371192,13.446976571371192,13.446976571371192
126,2016,CHICAGO LAWN,8.570798569071526,8.570798569071526,8.570798569071526
127,2016,CLEARING,4.418892908609031,4.418892908609031,4.418892908609031
128,2016,DOUGLAS,8.588890541791805,8.588890541791805,8.588890541791805
129,2016,DUNNING,10.005343237934275,10.005343237934275,10.005343237934275
130,2016,EAST GARFIELD PARK,10.466173503101823,10.466173503101823,10.466173503101823
131,2016,EAST SIDE,6.482124009682454,6.482124009682454,6.482124009682454
132,2016,EDGEWATER,8.561888686564116,8.561888686564116,8.561888686564116
133,2016,EDISON PARK,8.29461246542176,8.29461246542176,8.29461246542176
134,2016,ENGLEWOOD,10.967017496547681,10.967017496547681,10.967017496547681
135,2016,FOREST GLEN,8.956143544013585,8.956143544013585,8.956143544013585
136,2016,FULLER PARK,7.7351731458139845,7.7351731458139845,7.7351731458139845
137,2016,GAGE PARK,10.169847961376755,10.169847961376755,10.169847961376755
138,2016,GARFIELD RIDGE,18.145657092196863,18.145657092196863,18.145657092196863
139,2016,GRAND BOULEVARD,9.003440109531958,9.003440109531958,9.003440109531958
140,2016,GREATER GRAND CROSSING,9.646999797760321,9.646999797760321,9.646999797760321
141,2016,HEGEWISCH,15.091565814540782,15.091565814540782,15.091565814540782
142,2016,HERMOSA,10.376928393805377,10.376928393805377,10.376928393805377
143,2016,HUMBOLDT PARK,8.713071551244017,8.713071551244017,8.713071551244017
144,2016,HYDE PARK,8.936530882994493,8.936530882994493,8.936530882994493
145,2016,IRVING PARK,13.222034850927436,13.222034850927436,13.222034850927436
146,2016,JEFFERSON PARK,11.659428874309889,11.659428874309889,11.659428874309889
147,2016,KENWOOD,7.3967447692085555,7.3967447692085555,7.3967447692085555
148,2016,LAKEVIEW,7.469056232948792,7.469056232948792,7.469056232948792
149,2016,LINCOLN PARK,10.173830828686803,10.173830828686803,10.173830828686803
150,2016,LINCOLN SQUARE,12.786896182864023,12.786896182864023,12.786896182864023
151,2016,LOGAN SQUARE,8.900022615378637,8.900022615378637,8.900022615378637
152,2016,LOOP,10.675518101659907,10.675518101659907,10.675518101659907
153,2016,LOWER WEST SIDE,9.62040899778352,9.62040899778352,9.62040899778352
154,2016,MCKINLEY PARK,15.395222859988513,15.395222859988513,15.395222859988513
155,2016,MONTCLARE,11.99962896790257,11.99962896790257,11.99962896790257
156,2016,MORGAN PARK,11.747375619651795,11.747375619651795,11.747375619651795
157,2016,MOUNT GREENWOOD,8.907018030007098,8.907018030007098,8.907018030007098
158,2016,NEAR NORTH SIDE,9.953265221955942,9.953265221955942,9.953265221955942
159,2016,NEAR SOUTH SIDE,8.989133100697682,8.989133100697682,8.989133100697682
160,2016,NEAR WEST SIDE,10.258942465487491,10.258942465487491,10.258942465487491
161,2016,NEW CITY,10.524398835404451,10.524398835404451,10.524398835404451
162,2016,NORTH CENTER,10.09325445648317,10.09325445648317,10.09325445648317
163,2016,NORTH LAWNDALE,10.622825360603303,10.622825360603303,10.622825360603303
164,2016,NORTH PARK,9.646645273296865,9.646645273296865,9.646645273296865
165,2016,NORWOOD PARK,16.73362673144662,16.73362673144662,16.73362673144662
166,2016,OAKLAND,7.594026745796877,7.594026745796877,7.594026745796877
167,2016,OHARE,10.495972382804357,10.495972382804357,10.495972382804357
168,2016,PORTAGE PARK,10.952164909999846,10.952164909999846,10.952164909999846
169,2016,PULLMAN,44.335155179783634,44.335155179783634,44.335155179783634
170,2016,RIVERDALE,8.050152232746955,8.050152232746955,8.050152232746955
171,2016,ROGERS PARK,8.524589794206133,8.524589794206133,8.524589794206133
172,2016,ROSELAND,8.954943760512133,8.954943760512133,8.954943760512133
173,2016,SOUTH CHICAGO,9.290983289379538,9.290983289379538,9.290983289379538
174,2016,SOUTH DEERING,12.971260060527998,12.971260060527998,12.971260060527998
175,2016,SOUTH LAWNDALE,11.612957068610319,11.612957068610319,11.612957068610319
176,2016,SOUTH SHORE,7.922444748930979,7.922444748930979,7.922444748930979
177,2016,UPTOWN,8.349244801394317,8.349244801394317,8.349244801394317
178,2016,WASHINGTON HEIGHTS,11.03316436328014,11.03316436328014,11.03316436328014
179,2016,WASHINGTON PARK,6.5775863684409615,6.5775863684409615,6.5775863684409615
180,2016,WEST ELSDON,13.0971077257707,13.0971077257707,13.0971077257707
181,2016,WEST ENGLEWOOD,10.081915821388165,10.081915821388165,10.081915821388165
182,2016,WEST GARFIELD PARK,7.676757927048543,7.676757927048543,7.676757927048543
183,2016,WEST LAWN,13.3037784929525,13.3037784929525,13.3037784929525
184,2016,WEST PULLMAN,17.624963047324187,17.624963047324187,17.624963047324187
185,2016,WEST RIDGE,8.821549272522985,8.821549272522985,8.821549272522985
186,2016,WEST TOWN,8.975194172994607,8.975194172994607,8.975194172994607
187,2016,WOODLAWN,10.645336804257694,10.645336804257694,10.645336804257694
188,2017,ALBANY PARK,9.003526603654754,9.003526603654754,9.003526603654754
189,2017,ARCHER HEIGHTS,13.267795410864084,13.267795410864084,13.267795410864084
190,2017,ARMOUR SQUARE,7.812392115877301,7.812392115877301,7.812392115877301
191,2017,ASHBURN,8.767677079635941,8.767677079635941,8.767677079635941
192,2017,AUBURN GRESHAM,8.35463538977805,8.35463538977805,8.35463538977805
193,2017,AUSTIN,9.480761511070394,9.480761511070394,9.480761511070394
194,2017,AVALON PARK,5.324846936146365,5.324846936146365,5.324846936146365
195,2017,AVONDALE,11.343489971499354,11.343489971499354,11.343489971499354
196,2017,BELMONT CRAGIN,10.256380449836689,10.256380449836689,10.256380449836689
197,2017,BEVERLY,4.599907752527456,4.599907752527456,4.599907752527456
198,2017,BRIDGEPORT,6.417413746046756,6.417413746046756,6.417413746046756
199,2017,BRIGHTON PARK,11.192261638183036,11.192261638183036,11.192261638183036
200,2017,BURNSIDE,6.529218102629029,6.529218102629029,6.529218102629029
201,2017,CALUMET HEIGHTS,22.30108156056834,22.30108156056834,22.30108156056834
202,2017,CHATHAM,12.672475263797594,12.672475263797594,12.672475263797594
203,2017,CHICAGO LAWN,10.385938727365561,10.385938727365561,10.385938727365561
204,2017,CLEARING,4.676871605211976,4.676871605211976,4.676871605211976
205,2017,DOUGLAS,9.372814892697596,9.372814892697596,9.372814892697596
206,2017,DUNNING,9.256380576893005,9.256380576893005,9.256380576893005
207,2017,EAST GARFIELD PARK,9.823653318973626,9.823653318973626,9.823653318973626
208,2017,EAST SIDE,6.219587521748224,6.219587521748224,6.219587521748224
209,2017,EDGEWATER,8.346596114090865,8.346596114090865,8.346596114090865
210,2017,EDISON PARK,7.937394469424446,7.937394469424446,7.937394469424446
211,2017,ENGLEWOOD,10.212948577490561,10.212948577490561,10.212948577490561
212,2017,FOREST GLEN,6.437786748907663,6.437786748907663,6.437786748907663
213,2017,FULLER PARK,7.168445194184878,7.168445194184878,7.168445194184878
214,2017,GAGE PARK,9.348640226512794,9.348640226512794,9.348640226512794
215,2017,GARFIELD RIDGE,16.19654751344513,16.19654751344513,16.19654751344513
216,2017,GRAND BOULEVARD,8.095863068341679,8.095863068341679,8.095863068341679
217,2017,GREATER GRAND CROSSING,9.348046082731269,9.348046082731269,9.348046082731269
218,2017,HEGEWISCH,16.095638168485443,16.095638168485443,16.095638168485443
219,2017,HERMOSA,9.889644757372682,9.889644757372682,9.889644757372682
220,2017,HUMBOLDT PARK,8.339586700416596,8.339586700416596,8.339586700416596
221,2017,HYDE PARK,8.38786564726167,8.38786564726167,8.38786564726167
222,2017,IRVING PARK,8.568706502039976,8.568706502039976,8.568706502039976
223,2017,JEFFERSON PARK,11.37694530456907,11.37694530456907,11.37694530456907
224,2017,KENWOOD,6.9899151677880536,6.9899151677880536,6.9899151677880536
225,2017,LAKEVIEW,7.682411062314403,7.682411062314403,7.682411062314403
226,2017,LINCOLN PARK,9.816579654137662,9.816579654137662,9.816579654137662
227,2017,LINCOLN SQUARE,12.234269627040964,12.234269627040964,12.234269627040964
228,2017,LOGAN SQUARE,7.905509229480541,7.905509229480541,7.905509229480541
229,2017,LOOP,10.34486176406147,10.34486176406147,10.34486176406147
230,2017,LOWER WEST SIDE,8.79439072032105,8.79439072032105,8.79439072032105
231,2017,MCKINLEY PARK,15.110798735892912,15.110798735892912,15.110798735892912
232,2017,MONTCLARE,11.699160509014371,11.699160509014371,11.699160509014371
233,2017,MORGAN PARK,12.348940351275862,12.348940351275862,12.348940351275862
234,2017,MOUNT GREENWOOD,9.680110847381718,9.680110847381718,9.680110847381718
235,2017,NEAR NORTH SIDE,9.810463157623722,9.810463157623722,9.810463157623722
236,2017,NEAR SOUTH SIDE,8.843785219771277,8.843785219771277,8.843785219771277
237,2017,NEAR WEST SIDE,10.100222823085492,10.100222823085492,10.100222823085492
238,2017,NEW CITY,10.180742206847688,10.180742206847688,10.180742206847688
239,2017,NORTH CENTER,9.655400417343944,9.655400417343944,9.655400417343944
240,2017,NORTH LAWNDALE,14.369987481128295,14.369987481128295,14.369987481128295
241,2017,NORTH PARK,9.909625239197812,9.909625239197812,9.909625239197812
242,2017,NORWOOD PARK,16.34223651758224,16.34223651758224,16.34223651758224
243,2017,OAKLAND,6.8022242078865425,6.8022242078865425,6.8022242078865425
244,2017,OHARE,10.542933902340033,10.542933902340033,10.542933902340033
245,2017,PORTAGE PARK,11.674141749410449,11.674141749410449,11.674141749410449
246,2017,PULLMAN,13.344140824237329,13.344140824237329,13.344140824237329
247,2017,RIVERDALE,10.462049804918582,10.462049804918582,10.462049804918582
248,2017,ROGERS PARK,8.814114468891095,8.814114468891095,8.814114468891095
249,2017,ROSELAND,12.505488987966245,12.505488987966245,12.505488987966245
250,2017,SOUTH CHICAGO,9.38205345499084,9.38205345499084,9.38205345499084
251,2017,SOUTH DEERING,12.595002943354856,12.595002943354856,12.595002943354856
252,2017,SOUTH LAWNDALE,12.179296830860814,12.179296830860814,12.179296830860814
253,2017,SOUTH SHORE,7.885651582672408,7.885651582672408,7.885651582672408
254,2017,UPTOWN,8.005292462785642,8.005292462785642,8.005292462785642
255,2017,WASHINGTON HEIGHTS,10.200942261171662,10.200942261171662,10.200942261171662
256,2017,WASHINGTON PARK,7.287291204855442,7.287291204855442,7.287291204855442
257,2017,WEST ELSDON,11.9945096080433,11.9945096080433,11.9945096080433
258,2017,WEST ENGLEWOOD,10.27554127358944,10.27554127358944,10.27554127358944
259,2017,WEST GARFIELD PARK,7.203137185625839,7.203137185625839,7.203137185625839
260,2017,WEST LAWN,11.359061154874313,11.359061154874313,11.359061154874313
261,2017,WEST PULLMAN,8.806175662605442,8.806175662605442,8.806175662605442
262,2017,WEST RIDGE,8.375245948640648,8.375245948640648,8.375245948640648
263,2017,WEST TOWN,9.117057179604153,9.117057179604153,9.117057179604153
264,2017,WOODLAWN,7.453133476237332,7.453133476237332,7.453133476237332
265,2018,ALBANY PARK,7.848445761745698,7.848445761745698,7.848445761745698
266,2018,ARCHER HEIGHTS,8.18027033690494,8.18027033690494,8.18027033690494
267,2018,ARMOUR SQUARE,7.7750602588800755,7.7750602588800755,7.7750602588800755
268,2018,ASHBURN,8.486788200120941,8.486788200120941,8.486788200120941
269,2018,AUBURN GRESHAM,8.21406111787311,8.21406111787311,8.21406111787311
270,2018,AUSTIN,9.199710567939663,9.199710567939663,9.199710567939663
271,2018,AVALON PARK,5.469073593580043,5.469073593580043,5.469073593580043
272,2018,AVONDALE,9.885259498981753,9.885259498981753,9.885259498981753
273,2018,BELMONT CRAGIN,9.728464253828374,9.728464253828374,9.728464253828374
274,2018,BEVERLY,4.9327466061656216,4.9327466061656216,4.9327466061656216
275,2018,BRIDGEPORT,7.400253688484936,7.400253688484936,7.400253688484936
276,2018,BRIGHTON PARK,8.43721605054193,8.43721605054193,8.43721605054193
277,2018,BURNSIDE,4.887851461261595,4.887851461261595,4.887851461261595
278,2018,CALUMET HEIGHTS,19.88172095470871,19.88172095470871,19.88172095470871
279,2018,CHATHAM,11.469758336491662,11.469758336491662,11.469758336491662
280,2018,CHICAGO LAWN,22.63064643954519,22.63064643954519,22.63064643954519
281,2018,CLEARING,5.399413501556942,5.399413501556942,5.399413501556942
282,2018,DOUGLAS,25.900554347381473,25.900554347381473,25.900554347381473
283,2018,DUNNING,9.337236674341613,9.337236674341613,9.337236674341613
284,2018,EAST GARFIELD PARK,10.131932955489635,10.131932955489635,10.131932955489635
285,2018,EAST SIDE,6.867013845020475,6.867013845020475,6.867013845020475
286,2018,EDGEWATER,8.226658665343045,8.226658665343045,8.226658665343045
287,2018,EDISON PARK,7.977402706658793,7.977402706658793,7.977402706658793
288,2018,ENGLEWOOD,10.31899515895086,10.31899515895086,10.31899515895086
289,2018,FOREST GLEN,10.788116515452014,10.788116515452014,10.788116515452014
290,2018,FULLER PARK,7.06040675524555,7.06040675524555,7.06040675524555
291,2018,GAGE PARK,9.108949573821281,9.108949573821281,9.108949573821281
292,2018,GARFIELD RIDGE,15.47541601398605,15.47541601398605,15.47541601398605
293,2018,GRAND BOULEVARD,7.786396109064811,7.786396109064811,7.786396109064811
294,2018,GREATER GRAND CROSSING,9.39486056507132,9.39486056507132,9.39486056507132
295,2018,HEGEWISCH,15.937015647739495,15.937015647739495,15.937015647739495
296,2018,HERMOSA,8.181974754015728,8.181974754015728,8.181974754015728
297,2018,HUMBOLDT PARK,8.161940751567563,8.161940751567563,8.161940751567563
298,2018,HYDE PARK,9.73088775004355,9.73088775004355,9.73088775004355
299,2018,IRVING PARK,7.64312405245828,7.64312405245828,7.64312405245828
300,2018,JEFFERSON PARK,10.762742853504824,10.762742853504824,10.762742853504824
301,2018,KENWOOD,7.089438274634499,7.089438274634499,7.089438274634499
302,2018,LAKEVIEW,7.729723032772281,7.729723032772281,7.729723032772281
303,2018,LINCOLN PARK,8.935225189357666,8.935225189357666,8.935225189357666
304,2018,LINCOLN SQUARE,11.58438673858056,11.58438673858056,11.58438673858056
305,2018,LOGAN SQUARE,8.479341433090429,8.479341433090429,8.479341433090429
306,2018,LOOP,9.653746995765568,9.653746995765568,9.653746995765568
307,2018,LOWER WEST SIDE,8.81491147201668,8.81491147201668,8.81491147201668
308,2018,MCKINLEY PARK,12.858121422930047,12.858121422930047,12.858121422930047
309,2018,MONTCLARE,11.285452432425904,11.285452432425904,11.285452432425904
310,2018,MORGAN PARK,14.191133054187606,14.191133054187606,14.191133054187606
311,2018,MOUNT GREENWOOD,9.354444875089694,9.354444875089694,9.354444875089694
312,2018,NEAR NORTH SIDE,9.666437068187237,9.666437068187237,9.666437068187237
313,2018,NEAR SOUTH SIDE,8.21485098768457,8.21485098768457,8.21485098768457
314,2018,NEAR WEST SIDE,9.480751567084111,9.480751567084111,9.480751567084111
315,2018,NEW CITY,9.719439682505438,9.719439682505438,9.719439682505438
316,2018,NORTH CENTER,11.44598132990044,11.44598132990044,11.44598132990044
317,2018,NORTH LAWNDALE,13.392399167174066,13.392399167174066,13.392399167174066
318,2018,NORTH PARK,9.5051890926773,9.5051890926773,9.5051890926773
319,2018,NORWOOD PARK,15.123258335442689,15.123258335442689,15.123258335442689
320,2018,OAKLAND,7.054609973715733,7.054609973715733,7.054609973715733
321,2018,OHARE,12.122143245936359,12.122143245936359,12.122143245936359
322,2018,PORTAGE PARK,9.132058654322746,9.132058654322746,9.132058654322746
323,2018,PULLMAN,15.43224747360869,15.43224747360869,15.43224747360869
324,2018,RIVERDALE,9.624069688768605,9.624069688768605,9.624069688768605
325,2018,ROGERS PARK,8.6615185173039,8.6615185173039,8.6615185173039
326,2018,ROSELAND,12.875394536268983,12.875394536268983,12.875394536268983
327,2018,SOUTH CHICAGO,9.061215570715568,9.061215570715568,9.061215570715568
328,2018,SOUTH DEERING,10.74716639950813,10.74716639950813,10.74716639950813
329,2018,SOUTH LAWNDALE,11.454988489226174,11.454988489226174,11.454988489226174
330,2018,SOUTH SHORE,8.398463541935577,8.398463541935577,8.398463541935577
331,2018,UPTOWN,7.584548221023489,7.584548221023489,7.584548221023489
332,2018,WASHINGTON HEIGHTS,11.340672182380354,11.340672182380354,11.340672182380354
333,2018,WASHINGTON PARK,7.530740546240566,7.530740546240566,7.530740546240566
334,2018,WEST ELSDON,10.439670890255263,10.439670890255263,10.439670890255263
335,2018,WEST ENGLEWOOD,10.306014290461729,10.306014290461729,10.306014290461729
336,2018,WEST GARFIELD PARK,8.43015619138371,8.43015619138371,8.43015619138371
337,2018,WEST LAWN,11.594835631454382,11.594835631454382,11.594835631454382
338,2018,WEST PULLMAN,8.81239868278077,8.81239868278077,8.81239868278077
339,2018,WEST RIDGE,8.624132813093803,8.624132813093803,8.624132813093803
340,2018,WEST TOWN,9.157138160225152,9.157138160225152,9.157138160225152
341,2018,WOODLAWN,7.8854497775693115,7.8854497775693115,7.8854497775693115
342,2019,ALBANY PARK,7.35264095878717,7.35264095878717,7.35264095878717
343,2019,ARCHER HEIGHTS,7.860797315485719,7.860797315485719,7.860797315485719
344,2019,ARMOUR SQUARE,12.50484711627677,12.50484711627677,12.50484711627677
345,2019,ASHBURN,2.998525786902728,2.998525786902728,2.998525786902728
346,2019,AUBURN GRESHAM,6.379513898922994,6.379513898922994,6.379513898922994
347,2019,AUSTIN,8.557708812196791,8.557708812196791,8.557708812196791
348,2019,AVONDALE,10.681960405193488,10.681960405193488,10.681960405193488
349,2019,BELMONT CRAGIN,14.729194178873596,14.729194178873596,14.729194178873596
350,2019,BRIDGEPORT,13.347918988273541,13.347918988273541,13.347918988273541
351,2019,BRIGHTON PARK,12.001162790697673,12.001162790697673,12.001162790697673
352,2019,BURNSIDE,3.744255431101558,3.744255431101558,3.744255431101558
353,2019,CHATHAM,15.448906033004382,15.448906033004382,15.448906033004382
354,2019,CHICAGO LAWN,14.361628713691529,14.361628713691529,14.361628713691529
355,2019,DOUGLAS,41.36214593686144,41.36214593686144,41.36214593686144
356,2019,DUNNING,20.45882706764417,20.45882706764417,20.45882706764417
357,2019,EAST GARFIELD PARK,10.57984081476982,10.57984081476982,10.57984081476982
358,2019,EAST SIDE,6.050651575272664,6.050651575272664,6.050651575272664
359,2019,EDGEWATER,9.008550253297358,9.008550253297358,9.008550253297358
360,2019,EDISON PARK,5.986969536890298,5.986969536890298,5.986969536890298
361,2019,ENGLEWOOD,8.76129659644313,8.76129659644313,8.76129659644313
362,2019,FOREST GLEN,13.408991228070176,13.408991228070176,13.408991228070176
363,2019,GARFIELD RIDGE,29.49140051963053,29.49140051963053,29.49140051963053
364,2019,GRAND BOULEVARD,8.766516843023311,8.766516843023311,8.766516843023311
365,2019,GREATER GRAND CROSSING,10.580526423859016,10.580526423859016,10.580526423859016
366,2019,HERMOSA,1.3869770782213178,1.3869770782213178,1.3869770782213178
367,2019,HUMBOLDT PARK,9.71080313965095,9.71080313965095,9.71080313965095
368,2019,HYDE PARK,10.211579622979249,10.211579622979249,10.211579622979249
369,2019,IRVING PARK,11.106614517641328,11.106614517641328,11.106614517641328
370,2019,JEFFERSON PARK,15.312661046465607,15.312661046465607,15.312661046465607
371,2019,KENWOOD,5.382168281185869,5.382168281185869,5.382168281185869
372,2019,LAKEVIEW,7.913595109209695,7.913595109209695,7.913595109209695
373,2019,LINCOLN PARK,9.548324536017995,9.548324536017995,9.548324536017995
374,2019,LINCOLN SQUARE,9.31763953202001,9.31763953202001,9.31763953202001
375,2019,LOGAN SQUARE,9.799670269182117,9.799670269182117,9.799670269182117
376,2019,LOOP,13.657620988354113,13.657620988354113,13.657620988354113
377,2019,LOWER WEST SIDE,11.309883543900838,11.309883543900838,11.309883543900838
378,2019,MCKINLEY PARK,20.80165318148732,20.80165318148732,20.80165318148732
379,2019,MONTCLARE,9.880649815571667,9.880649815571667,9.880649815571667
380,2019,MORGAN PARK,27.22226297799422,27.22226297799422,27.22226297799422
381,2019,MOUNT GREENWOOD,8.45686827023863,8.45686827023863,8.45686827023863
382,2019,NEAR NORTH SIDE,10.278629888757118,10.278629888757118,10.278629888757118
383,2019,NEAR SOUTH SIDE,8.773994296626244,8.773994296626244,8.773994296626244
384,2019,NEAR WEST SIDE,9.617212998979737,9.617212998979737,9.617212998979737
385,2019,NEW CITY,11.942460698881685,11.942460698881685,11.942460698881685
386,2019,NORTH CENTER,11.382734495078878,11.382734495078878,11.382734495078878
387,2019,NORTH LAWNDALE,6.934895095205398,6.934895095205398,6.934895095205398
388,2019,NORTH PARK,12.187683813920852,12.187683813920852,12.187683813920852
389,2019,NORWOOD PARK,22.728746782069518,22.728746782069518,22.728746782069518
390,2019,OAKLAND,5.936684279139639,5.936684279139639,5.936684279139639
391,2019,OHARE,11.6409479671632,11.6409479671632,11.6409479671632
392,2019,PORTAGE PARK,12.151203588658165,12.151203588658165,12.151203588658165
393,2019,PULLMAN,10.94414655214564,10.94414655214564,10.94414655214564
394,2019,ROGERS PARK,8.787835010643956,8.787835010643956,8.787835010643956
395,2019,ROSELAND,8.260621355176186,8.260621355176186,8.260621355176186
396,2019,SOUTH DEERING,13.527952562687362,13.527952562687362,13.527952562687362
397,2019,SOUTH LAWNDALE,11.927576103098609,11.927576103098609,11.927576103098609
398,2019,SOUTH SHORE,8.57891394474611,8.57891394474611,8.57891394474611
399,2019,UPTOWN,8.421407055660737,8.421407055660737,8.421407055660737
400,2019,WASHINGTON HEIGHTS,12.43826428025337,12.43826428025337,12.43826428025337
401,2019,WASHINGTON PARK,6.488047042592787,6.488047042592787,6.488047042592787
402,2019,WEST ELSDON,20.83457164946611,20.83457164946611,20.83457164946611
403,2019,WEST ENGLEWOOD,26.929397636053345,26.929397636053345,26.929397636053345
404,2019,WEST GARFIELD PARK,14.833879270004678,14.833879270004678,14.833879270004678
405,2019,WEST LAWN,10.383458926260753,10.383458926260753,10.383458926260753
406,2019,WEST RIDGE,7.836558880244757,7.836558880244757,7.836558880244757
407,2019,WEST TOWN,10.978266863997145,10.978266863997145,10.978266863997145
408,2019,WOODLAWN,8.757836037963258,8.757836037963258,8.757836037963258
409,2020,ALBANY PARK,6.054046827974047,6.054046827974047,6.054046827974047
410,2020,ARCHER HEIGHTS,11.913071823233746,11.913071823233746,11.913071823233746
411,2020,ARMOUR SQUARE,6.631994799353246,6.631994799353246,6.631994799353246
412,2020,ASHBURN,5.902185486773912,5.902185486773912,5.902185486773912
413,2020,AUBURN GRESHAM,6.748532009744163,6.748532009744163,6.748532009744163
414,2020,AUSTIN,7.1424780332910025,7.1424780332910025,7.1424780332910025
415,2020,AVALON PARK,5.371645401403518,5.371645401403518,5.371645401403518
416,2020,AVONDALE,7.501895658017488,7.501895658017488,7.501895658017488
417,2020,BELMONT CRAGIN,7.25779225928292,7.25779225928292,7.25779225928292
418,2020,BEVERLY,3.5328288809384305,3.5328288809384305,3.5328288809384305
419,2020,BRIDGEPORT,6.423293715109847,6.423293715109847,6.423293715109847
420,2020,BRIGHTON PARK,7.102802823655204,7.102802823655204,7.102802823655204
421,2020,BURNSIDE,5.475551316687218,5.475551316687218,5.475551316687218
422,2020,CALUMET HEIGHTS,10.824357840332373,10.824357840332373,10.824357840332373
423,2020,CHATHAM,10.24287290275218,10.24287290275218,10.24287290275218
424,2020,CHICAGO LAWN,7.60770301950006,7.60770301950006,7.60770301950006
425,2020,CLEARING,6.261770612455944,6.261770612455944,6.261770612455944
426,2020,DOUGLAS,20.18340218304634,20.18340218304634,20.18340218304634
427,2020,DUNNING,7.399462371723903,7.399462371723903,7.399462371723903
428,2020,EAST GARFIELD PARK,8.042838718706404,8.042838718706404,8.042838718706404
429,2020,EAST SIDE,7.506146802994915,7.506146802994915,7.506146802994915
430,2020,EDGEWATER,6.919658419893915,6.919658419893915,6.919658419893915
431,2020,EDISON PARK,5.211431631568332,5.211431631568332,5.211431631568332
432,2020,ENGLEWOOD,7.528416824782787,7.528416824782787,7.528416824782787
433,2020,FOREST GLEN,6.451879455852891,6.451879455852891,6.451879455852891
434,2020,FULLER PARK,6.801384425141794,6.801384425141794,6.801384425141794
435,2020,GAGE PARK,6.97657079764652,6.97657079764652,6.97657079764652
436,2020,GARFIELD RIDGE,12.028235815403017,12.028235815403017,12.028235815403017
437,2020,GRAND BOULEVARD,7.247814284398495,7.247814284398495,7.247814284398495
438,2020,GREATER GRAND CROSSING,7.1473665016993255,7.1473665016993255,7.1473665016993255
439,2020,HEGEWISCH,10.236097276641672,10.236097276641672,10.236097276641672
440,2020,HERMOSA,6.171785716748642,6.171785716748642,6.171785716748642
441,2020,HUMBOLDT PARK,6.602526307685737,6.602526307685737,6.602526307685737
442,2020,HYDE PARK,7.970767880817909,7.970767880817909,7.970767880817909
443,2020,IRVING PARK,6.185112018292244,6.185112018292244,6.185112018292244
444,2020,JEFFERSON PARK,10.569932378070153,10.569932378070153,10.569932378070153
445,2020,KENWOOD,6.146503906462355,6.146503906462355,6.146503906462355
446,2020,LAKEVIEW,6.922803913588795,6.922803913588795,6.922803913588795
447,2020,LINCOLN PARK,7.517149967753153,7.517149967753153,7.517149967753153
448,2020,LINCOLN SQUARE,7.901032016934418,7.901032016934418,7.901032016934418
449,2020,LOGAN SQUARE,6.799923440335335,6.799923440335335,6.799923440335335
450,2020,LOOP,7.426418933792165,7.426418933792165,7.426418933792165
451,2020,LOWER WEST SIDE,6.435817472460617,6.435817472460617,6.435817472460617
452,2020,MCKINLEY PARK,6.196205495002944,6.196205495002944,6.196205495002944
453,2020,MONTCLARE,7.760168029849327,7.760168029849327,7.760168029849327
454,2020,MORGAN PARK,7.658091971866299,7.658091971866299,7.658091971866299
455,2020,MOUNT GREENWOOD,7.202470722512439,7.202470722512439,7.202470722512439
456,2020,NEAR NORTH SIDE,7.240814094667596,7.240814094667596,7.240814094667596
457,2020,NEAR SOUTH SIDE,6.532798737404691,6.532798737404691,6.532798737404691
458,2020,NEAR WEST SIDE,7.0937748754427306,7.0937748754427306,7.0937748754427306
459,2020,NEW CITY,7.765288768477391,7.765288768477391,7.765288768477391
460,2020,NORTH CENTER,8.43383530210917,8.43383530210917,8.43383530210917
461,2020,NORTH LAWNDALE,6.776229359496416,6.776229359496416,6.776229359496416
462,2020,NORTH PARK,7.649529166992291,7.649529166992291,7.649529166992291
463,2020,NORWOOD PARK,12.88668447698377,12.88668447698377,12.88668447698377
464,2020,OAKLAND,6.623867732133192,6.623867732133192,6.623867732133192
465,2020,OHARE,7.114712515697234,7.114712515697234,7.114712515697234
466,2020,PORTAGE PARK,9.233605505153463,9.233605505153463,9.233605505153463
467,2020,PULLMAN,12.738823347628836,12.738823347628836,12.738823347628836
468,2020,RIVERDALE,8.130101001345507,8.130101001345507,8.130101001345507
469,2020,ROGERS PARK,7.729274111120397,7.729274111120397,7.729274111120397
470,2020,ROSELAND,9.850607166466851,9.850607166466851,9.850607166466851
471,2020,SOUTH CHICAGO,6.612094733595622,6.612094733595622,6.612094733595622
472,2020,SOUTH DEERING,9.239683000755198,9.239683000755198,9.239683000755198
473,2020,SOUTH LAWNDALE,9.83665621897138,9.83665621897138,9.83665621897138
474,2020,SOUTH SHORE,7.462847479396361,7.462847479396361,7.462847479396361
475,2020,UPTOWN,6.762065510018326,6.762065510018326,6.762065510018326
476,2020,WASHINGTON HEIGHTS,9.398394824280446,9.398394824280446,9.398394824280446
477,2020,WASHINGTON PARK,6.508959357673629,6.508959357673629,6.508959357673629
478,2020,WEST ELSDON,10.056772937335204,10.056772937335204,10.056772937335204
479,2020,WEST ENGLEWOOD,7.85310038522284,7.85310038522284,7.85310038522284
480,2020,WEST GARFIELD PARK,7.909788277952954,7.909788277952954,7.909788277952954
481,2020,WEST LAWN,7.049159009643658,7.049159009643658,7.049159009643658
482,2020,WEST PULLMAN,6.319441850976597,6.319441850976597,6.319441850976597
483,2020,WEST RIDGE,6.852101097637107,6.852101097637107,6.852101097637107
484,2020,WEST TOWN,7.620392685353464,7.620392685353464,7.620392685353464
485,2020,WOODLAWN,8.807102635449516,8.807102635449516,8.807102635449516
486,2021,ALBANY PARK,5.947095310804587,5.947095310804587,5.947095310804587
487,2021,ARCHER HEIGHTS,12.600903817227428,12.600903817227428,12.600903817227428
488,2021,ARMOUR SQUARE,7.026512089444533,7.026512089444533,7.026512089444533
489,2021,ASHBURN,6.068123934112784,6.068123934112784,6.068123934112784
490,2021,AUBURN GRESHAM,6.229746800638575,6.229746800638575,6.229746800638575
491,2021,AUSTIN,7.7109518493902875,7.7109518493902875,7.7109518493902875
492,2021,AVALON PARK,3.9039106258957355,3.9039106258957355,3.9039106258957355
493,2021,AVONDALE,8.581577657061587,8.581577657061587,8.581577657061587
494,2021,BELMONT CRAGIN,6.972053622231645,6.972053622231645,6.972053622231645
495,2021,BEVERLY,5.57076539893837,5.57076539893837,5.57076539893837
496,2021,BRIDGEPORT,6.165615831896508,6.165615831896508,6.165615831896508
497,2021,BRIGHTON PARK,7.475640487063463,7.475640487063463,7.475640487063463
498,2021,BURNSIDE,3.8377210032810334,3.8377210032810334,3.8377210032810334
499,2021,CALUMET HEIGHTS,8.870588494781073,8.870588494781073,8.870588494781073
500,2021,CHATHAM,10.156418214522638,10.156418214522638,10.156418214522638
501,2021,CHICAGO LAWN,5.9101979303666585,5.9101979303666585,5.9101979303666585
502,2021,CLEARING,4.5529209033285305,4.5529209033285305,4.5529209033285305
503,2021,DOUGLAS,25.639541126114406,25.639541126114406,25.639541126114406
504,2021,DUNNING,6.434422166768878,6.434422166768878,6.434422166768878
505,2021,EAST GARFIELD PARK,8.814377711883674,8.814377711883674,8.814377711883674
506,2021,EAST SIDE,6.509820348220603,6.509820348220603,6.509820348220603
507,2021,EDGEWATER,6.4044338144775255,6.4044338144775255,6.4044338144775255
508,2021,EDISON PARK,5.172027737019935,5.172027737019935,5.172027737019935
509,2021,ENGLEWOOD,8.067844099303908,8.067844099303908,8.067844099303908
510,2021,FOREST GLEN,3.8349947078472537,3.8349947078472537,3.8349947078472537
511,2021,GAGE PARK,7.571122738660039,7.571122738660039,7.571122738660039
512,2021,GARFIELD RIDGE,10.059819741271111,10.059819741271111,10.059819741271111
513,2021,GRAND BOULEVARD,7.3885869108722915,7.3885869108722915,7.3885869108722915
514,2021,GREATER GRAND CROSSING,6.241494618534825,6.241494618534825,6.241494618534825
515,2021,HEGEWISCH,11.102608385927839,11.102608385927839,11.102608385927839
516,2021,HERMOSA,6.963684316337576,6.963684316337576,6.963684316337576
517,2021,HUMBOLDT PARK,6.372547992766063,6.372547992766063,6.372547992766063
518,2021,HYDE PARK,8.965446859039101,8.965446859039101,8.965446859039101
519,2021,IRVING PARK,5.536469197481436,5.536469197481436,5.536469197481436
520,2021,JEFFERSON PARK,9.063755236951417,9.063755236951417,9.063755236951417
521,2021,KENWOOD,5.950064983134934,5.950064983134934,5.950064983134934
522,2021,LAKEVIEW,5.963406679763499,5.963406679763499,5.963406679763499
523,2021,LINCOLN PARK,6.997165658301997,6.997165658301997,6.997165658301997
524,2021,LINCOLN SQUARE,8.375689454044473,8.375689454044473,8.375689454044473
525,2021,LOGAN SQUARE,6.4823065067368315,6.4823065067368315,6.4823065067368315
526,2021,LOOP,7.588077122956098,7.588077122956098,7.588077122956098
527,2021,LOWER WEST SIDE,8.28795359503641,8.28795359503641,8.28795359503641
528,2021,MCKINLEY PARK,9.740631261442333,9.740631261442333,9.740631261442333
529,2021,MONTCLARE,7.6518831496739965,7.6518831496739965,7.6518831496739965
530,2021,MORGAN PARK,10.602285700825574,10.602285700825574,10.602285700825574
531,2021,MOUNT GREENWOOD,6.816456050170626,6.816456050170626,6.816456050170626
532,2021,NEAR NORTH SIDE,7.072162768059462,7.072162768059462,7.072162768059462
533,2021,NEAR SOUTH SIDE,6.0102192470747156,6.0102192470747156,6.0102192470747156
534,2021,NEAR WEST SIDE,6.9083838250820415,6.9083838250820415,6.9083838250820415
535,2021,NEW CITY,7.687987374196904,7.687987374196904,7.687987374196904
536,2021,NORTH CENTER,7.527138804042171,7.527138804042171,7.527138804042171
537,2021,NORTH LAWNDALE,5.797363679863644,5.797363679863644,5.797363679863644
538,2021,NORTH PARK,7.791883004615021,7.791883004615021,7.791883004615021
539,2021,NORWOOD PARK,8.68840236992007,8.68840236992007,8.68840236992007
540,2021,OAKLAND,5.531677030792785,5.531677030792785,5.531677030792785
541,2021,OHARE,5.775828371448638,5.775828371448638,5.775828371448638
542,2021,PORTAGE PARK,6.26917482074963,6.26917482074963,6.26917482074963
543,2021,PULLMAN,14.842849540752384,14.842849540752384,14.842849540752384
544,2021,RIVERDALE,7.829541050766761,7.829541050766761,7.829541050766761
545,2021,ROGERS PARK,7.5096812321061375,7.5096812321061375,7.5096812321061375
546,2021,ROSELAND,7.300808994832672,7.300808994832672,7.300808994832672
547,2021,SOUTH CHICAGO,4.21578090342948,4.21578090342948,4.21578090342948
548,2021,SOUTH DEERING,8.934236820912515,8.934236820912515,8.934236820912515
549,2021,SOUTH LAWNDALE,9.723173137316794,9.723173137316794,9.723173137316794
550,2021,SOUTH SHORE,6.809571173154102,6.809571173154102,6.809571173154102
551,2021,UPTOWN,5.941970662208798,5.941970662208798,5.941970662208798
552,2021,WASHINGTON HEIGHTS,9.124418202999095,9.124418202999095,9.124418202999095
553,2021,WASHINGTON PARK,5.528495419308961,5.528495419308961,5.528495419308961
554,2021,WEST ELSDON,8.67809534068443,8.67809534068443,8.67809534068443
555,2021,WEST ENGLEWOOD,9.261567124254164,9.261567124254164,9.261567124254164
556,2021,WEST GARFIELD PARK,5.42968764374698,5.42968764374698,5.42968764374698
557,2021,WEST LAWN,7.374758795463572,7.374758795463572,7.374758795463572
558,2021,WEST PULLMAN,8.243354962655959,8.243354962655959,8.243354962655959
559,2021,WEST RIDGE,6.596384333497768,6.596384333497768,6.596384333497768
560,2021,WEST TOWN,6.9866180604865615,6.9866180604865615,6.9866180604865615
561,2021,WOODLAWN,10.456397355258927,10.456397355258927,10.456397355258927
562,2022,ALBANY PARK,5.953858423653613,5.953858423653613,5.953858423653613
563,2022,ARCHER HEIGHTS,10.936544300796625,10.936544300796625,10.936544300796625
564,2022,ARMOUR SQUARE,6.298098392836303,6.298098392836303,6.298098392836303
565,2022,ASHBURN,6.056809603117031,6.056809603117031,6.056809603117031
566,2022,AUBURN GRESHAM,6.784968344049256,6.784968344049256,6.784968344049256
567,2022,AUSTIN,7.028925436961674,7.028925436961674,7.028925436961674
568,2022,AVALON PARK,3.7601249365591243,3.7601249365591243,3.7601249365591243
569,2022,AVONDALE,8.996760626725035,8.996760626725035,8.996760626725035
570,2022,BELMONT CRAGIN,6.726622438790411,6.726622438790411,6.726622438790411
571,2022,BEVERLY,5.287862549519729,5.287862549519729,5.287862549519729
572,2022,BRIDGEPORT,6.42253599062571,6.42253599062571,6.42253599062571
573,2022,BRIGHTON PARK,7.167147901058077,7.167147901058077,7.167147901058077
574,2022,BURNSIDE,3.8066211572252713,3.8066211572252713,3.8066211572252713
575,2022,CALUMET HEIGHTS,9.08599802293743,9.08599802293743,9.08599802293743
576,2022,CHATHAM,7.627817224953438,7.627817224953438,7.627817224953438
577,2022,CHICAGO LAWN,7.84370813987564,7.84370813987564,7.84370813987564
578,2022,CLEARING,4.517650378402346,4.517650378402346,4.517650378402346
579,2022,DOUGLAS,8.7255905746651,8.7255905746651,8.7255905746651
580,2022,DUNNING,6.439511471264912,6.439511471264912,6.439511471264912
581,2022,EAST GARFIELD PARK,7.921658103324337,7.921658103324337,7.921658103324337
582,2022,EAST SIDE,6.900114252986848,6.900114252986848,6.900114252986848
583,2022,EDGEWATER,6.237923524327806,6.237923524327806,6.237923524327806
584,2022,EDISON PARK,5.599991445497124,5.599991445497124,5.599991445497124
585,2022,ENGLEWOOD,7.675923282115979,7.675923282115979,7.675923282115979
586,2022,FOREST GLEN,7.364647662173216,7.364647662173216,7.364647662173216
587,2022,FULLER PARK,6.363369282965939,6.363369282965939,6.363369282965939
588,2022,GAGE PARK,7.638844291095847,7.638844291095847,7.638844291095847
589,2022,GARFIELD RIDGE,8.548387454471362,8.548387454471362,8.548387454471362
590,2022,GRAND BOULEVARD,7.123084121977662,7.123084121977662,7.123084121977662
591,2022,GREATER GRAND CROSSING,6.298473551957676,6.298473551957676,6.298473551957676
592,2022,HEGEWISCH,10.462916267351424,10.462916267351424,10.462916267351424
593,2022,HERMOSA,6.430433446634998,6.430433446634998,6.430433446634998
594,2022,HUMBOLDT PARK,6.346178395407583,6.346178395407583,6.346178395407583
595,2022,HYDE PARK,9.272767232297362,9.272767232297362,9.272767232297362
596,2022,IRVING PARK,5.0978150583669875,5.0978150583669875,5.0978150583669875
597,2022,JEFFERSON PARK,5.395354441592008,5.395354441592008,5.395354441592008
598,2022,KENWOOD,6.126581743986573,6.126581743986573,6.126581743986573
599,2022,LAKEVIEW,5.944268451596779,5.944268451596779,5.944268451596779
600,2022,LINCOLN PARK,7.081381909529034,7.081381909529034,7.081381909529034
601,2022,LINCOLN SQUARE,7.889602565333958,7.889602565333958,7.889602565333958
602,2022,LOGAN SQUARE,5.862978763686857,5.862978763686857,5.862978763686857
603,2022,LOOP,7.361551115311992,7.361551115311992,7.361551115311992
604,2022,LOWER WEST SIDE,6.863547455159748,6.863547455159748,6.863547455159748
605,2022,MCKINLEY PARK,2.538158728957105,2.538158728957105,2.538158728957105
606,2022,MONTCLARE,7.096608697615421,7.096608697615421,7.096608697615421
607,2022,MORGAN PARK,9.254601943222616,9.254601943222616,9.254601943222616
608,2022,MOUNT GREENWOOD,6.711161185480194,6.711161185480194,6.711161185480194
609,2022,NEAR NORTH SIDE,6.81337723342196,6.81337723342196,6.81337723342196
610,2022,NEAR SOUTH SIDE,5.549487001679767,5.549487001679767,5.549487001679767
611,2022,NEAR WEST SIDE,6.821834854897495,6.821834854897495,6.821834854897495
612,2022,NEW CITY,6.498780508793955,6.498780508793955,6.498780508793955
613,2022,NORTH CENTER,7.015987106461154,7.015987106461154,7.015987106461154
614,2022,NORTH LAWNDALE,5.146840753927784,5.146840753927784,5.146840753927784
615,2022,NORTH PARK,7.309451822420188,7.309451822420188,7.309451822420188
616,2022,NORWOOD PARK,8.548499158518702,8.548499158518702,8.548499158518702
617,2022,OAKLAND,6.633340055980431,6.633340055980431,6.633340055980431
618,2022,OHARE,5.8324594864675365,5.8324594864675365,5.8324594864675365
619,2022,PORTAGE PARK,6.074121322542997,6.074121322542997,6.074121322542997
620,2022,PULLMAN,21.4793632245215,21.4793632245215,21.4793632245215
621,2022,RIVERDALE,9.345906630581867,9.345906630581867,9.345906630581867
622,2022,ROGERS PARK,6.684400635878858,6.684400635878858,6.684400635878858
623,2022,ROSELAND,7.422370966751554,7.422370966751554,7.422370966751554
624,2022,SOUTH CHICAGO,6.11480568771135,6.11480568771135,6.11480568771135
625,2022,SOUTH DEERING,9.830453272731601,9.830453272731601,9.830453272731601
626,2022,SOUTH LAWNDALE,8.632164892850204,8.632164892850204,8.632164892850204
627,2022,SOUTH SHORE,6.703143778632288,6.703143778632288,6.703143778632288
628,2022,UPTOWN,5.9884538707851975,5.9884538707851975,5.9884538707851975
629,2022,WASHINGTON HEIGHTS,8.026680983301201,8.026680983301201,8.026680983301201
630,2022,WASHINGTON PARK,5.675260289121326,5.675260289121326,5.675260289121326
631,2022,WEST ELSDON,8.383461463159088,8.383461463159088,8.383461463159088
632,2022,WEST ENGLEWOOD,5.774164273458441,5.774164273458441,5.774164273458441
633,2022,WEST GARFIELD PARK,7.696142652707422,7.696142652707422,7.696142652707422
634,2022,WEST LAWN,7.241512814344119,7.241512814344119,7.241512814344119
635,2022,WEST PULLMAN,6.135514677882132,6.135514677882132,6.135514677882132
636,2022,WEST RIDGE,6.411770484285489,6.411770484285489,6.411770484285489
637,2022,WEST TOWN,6.683223485126393,6.683223485126393,6.683223485126393
638,2022,WOODLAWN,9.859448608075818,9.859448608075818,9.859448608075818
