,year,community,Electricity,Gas,Greenhouse Gas
0,2014,ALBANY PARK,21535.704907783682,58555.16098780869,7.436698968427634
1,2014,ARCHER HEIGHTS,80014.23334003979,16051.30664162922,16.929336284174994
2,2014,ARMOUR SQUARE,52517.62743429577,37227.30874052887,12.528807777935095
3,2014,ASHBURN,24110.203999999998,60171.428,8.040000000000001
4,2014,BELMONT CRAGIN,25308.08286951144,59331.17810760668,8.237476808905381
5,2014,BRIGHTON PARK,29989.431428265063,58751.64191507613,9.144461719922797
6,2014,CALUMET HEIGHTS,84367.46891654271,164017.28318797465,25.663325990891035
7,2014,CHATHAM,47805.11853202244,75436.2589614705,13.611248687173111
8,2014,DOUGLAS,15765.625732566099,83497.25727252553,7.601496544632225
9,2014,EDGEWATER,37275.23834286705,72141.4918818975,11.322008435892991
10,2014,ENGLEWOOD,77116.04675363362,93311.54731017658,20.450185883333297
11,2014,GARFIELD RIDGE,27472.472123315958,34745.18366800237,7.364020939603308
12,2014,GRAND BOULEVARD,104916.8438080723,207756.69193438414,32.11540261233439
13,2014,HYDE PARK,48164.915436117466,14229.974754767216,12.345410028420396
14,2014,IRVING PARK,26452.65611257696,61817.25813544415,8.597185576077397
15,2014,LAKEVIEW,59325.909117701965,101276.59422453547,17.29823016200151
16,2014,LINCOLN PARK,23934.242264559845,63499.61406295227,8.18260759850672
17,2014,LOOP,50718.79009299672,45232.74039517925,12.8090405662211
18,2014,LOWER WEST SIDE,27747.617876985103,17772.555189537343,6.519494567087861
19,2014,MORGAN PARK,28273.84221463559,58866.646875463855,8.805848300430458
20,2014,NEAR NORTH SIDE,70233.24199050089,55513.45141731365,17.278174623483864
21,2014,NEAR SOUTH SIDE,73755.16461110278,98299.47812114656,20.02046507919299
22,2014,NEAR WEST SIDE,61886.41775614854,44168.47071269922,15.076493939622827
23,2014,NORTH CENTER,18276.389489694822,51655.90611612687,6.416142221229924
24,2014,NORTH PARK,13725.889312977099,56566.54198473282,5.763358778625954
25,2014,NORWOOD PARK,61402.04504370168,92107.28642254607,17.22897594103289
26,2014,OHARE,63634.24739349075,13236.346120569853,13.488064390299167
27,2014,PORTAGE PARK,99379.04662519386,116054.77177466315,26.131901964288804
28,2014,PULLMAN,36988.43097812421,40780.38974101082,9.597686698516469
29,2014,ROSELAND,46277.37934738731,75212.94880320395,13.291586223945622
30,2014,SOUTH LAWNDALE,48271.87829307314,81408.52309638255,14.023338716443309
31,2014,UPTOWN,60360.273740879136,122007.18676940029,18.607519813510898
32,2014,WASHINGTON HEIGHTS,44516.17511520738,66840.45019496632,12.49556894718185
33,2014,WEST ENGLEWOOD,21918.11647285047,48252.15835807815,6.965610161288213
34,2014,WEST LAWN,29177.87799222873,35524.881826029574,7.7493415950445685
35,2014,WEST TOWN,83999.78261876125,150529.78735142492,24.871986372856504
36,2015,ALBANY PARK,24820.298333035847,39314.91895670099,7.0758532237165905
37,2015,ARCHER HEIGHTS,65182.37441048094,47848.92481001798,15.637988247846925
38,2015,ARMOUR SQUARE,29213.748529456057,42155.41403203489,8.108558009274393
39,2015,ASHBURN,30000.106078768513,61125.96517748194,9.275231933097407
40,2015,AUBURN GRESHAM,22281.41786135345,59782.51819113236,7.652592114822475
41,2015,AUSTIN,40370.5458049681,43473.283591663945,10.420666219715491
42,2015,AVONDALE,64632.34190129176,34155.23752571734,14.79819321059619
43,2015,BELMONT CRAGIN,44087.28798666148,44862.8712638799,11.241895935662816
44,2015,BEVERLY,8548.136975030853,40899.50011842581,3.889352896445979
45,2015,BRIDGEPORT,20674.100682739634,44054.348492022786,6.495905504105957
46,2015,BRIGHTON PARK,47773.04521716119,42525.867522383116,11.858240222355695
47,2015,BURNSIDE,31286.41717791411,41614.22085889571,8.490797546012269
48,2015,CALUMET HEIGHTS,98833.61264754603,82451.79134485536,24.23673664052315
49,2015,CHATHAM,57460.54787512633,42200.212626505665,13.785554830568522
50,2015,CHICAGO LAWN,34705.73037886449,72673.17491180467,10.8327953913717
51,2015,CLEARING,13362.832928562071,39439.9040641722,4.776636804288896
52,2015,DOUGLAS,21843.25156994911,84998.07681134017,8.90364420274292
53,2015,DUNNING,63101.035629698454,35388.36530298607,14.558213331015272
54,2015,EAST GARFIELD PARK,47917.48150534715,42728.40377305176,11.897080763695584
55,2015,EAST SIDE,26758.091227773297,49931.33410358621,8.028631617388289
56,2015,EDGEWATER,32088.22844286192,61985.30779713838,9.739388864799883
57,2015,EDISON PARK,17350.899541493054,72929.99751712685,7.360892108845432
58,2015,ENGLEWOOD,34788.36588297367,69041.91998597766,10.656490341742934
59,2015,FOREST GLEN,56226.09801729138,26856.143659500925,12.7267870336783
60,2015,GAGE PARK,32714.66156281998,49748.65706573909,9.216644458666734
61,2015,GARFIELD RIDGE,90348.42253902853,69284.55067208355,21.830785296372678
62,2015,GRAND BOULEVARD,40394.61486529009,79664.47311991645,12.349535445005497
63,2015,GREATER GRAND CROSSING,28900.59809247592,63562.99910658705,9.183404598836052
64,2015,HEGEWISCH,74705.92609015625,98703.60802133071,20.25123709716095
65,2015,HERMOSA,48701.364600766414,1802752.0375385492,105.53882618541674
66,2015,HUMBOLDT PARK,39544.01835724906,54342.48529925359,10.831945608521425
67,2015,HYDE PARK,39308.64800528701,41746.951638939994,12.659555674127393
68,2015,IRVING PARK,30040.662102812817,109614.87120361115,11.85756252537679
69,2015,JEFFERSON PARK,70212.10280054198,80925.31123213752,18.40835608240481
70,2015,KENWOOD,25371.928132045858,56982.693986260354,8.123964810878691
71,2015,LAKEVIEW,32395.945143790264,56703.61698261628,9.520454765716647
72,2015,LINCOLN PARK,51012.49801529625,210859.52265467524,21.44791581867114
73,2015,LINCOLN SQUARE,45034.3455518442,59449.79098055313,12.204178823638332
74,2015,LOGAN SQUARE,40578.531288902544,42708.827915122514,10.421419573451093
75,2015,LOOP,46871.25811961555,41860.19827472133,11.784527688351055
76,2015,LOWER WEST SIDE,44944.4601346064,39341.13516965924,11.120541291847099
77,2015,MCKINLEY PARK,64051.7835569991,42288.11184942646,15.113031476186723
78,2015,MONTCLARE,43820.32033504989,69810.93507773207,12.510498611488508
79,2015,MORGAN PARK,54504.23050689049,43215.102535257705,13.24487390475933
80,2015,MOUNT GREENWOOD,25131.51934042697,58030.082082453206,8.134341847765038
81,2015,NEAR NORTH SIDE,45203.79603328223,50624.954982460025,11.841438121362678
82,2015,NEAR SOUTH SIDE,42884.247944112205,57988.201063290966,11.694660415643398
83,2015,NEAR WEST SIDE,50342.2419220932,43847.25705615207,12.497974875731792
84,2015,NEW CITY,51220.82641025389,44878.42978857076,12.675136331702893
85,2015,NORTH CENTER,39711.42112229665,66837.47133337519,11.529528792906772
86,2015,NORTH LAWNDALE,41834.44470727478,64911.564460879,11.855360430202854
87,2015,NORTH PARK,52555.7113556763,63369.18008978795,13.923861428953094
88,2015,NORWOOD PARK,57039.89292360424,129550.31706270119,18.342219117253986
89,2015,OAKLAND,20192.525799713534,84565.89430977317,8.551028146421382
90,2015,OHARE,69969.02217473499,30094.31022605674,16.42993732739622
91,2015,PORTAGE PARK,51634.55075009653,46436.94672825653,12.840522242210822
92,2015,PULLMAN,45721.25305338712,765306.3902517708,49.83358049125412
93,2015,RIVERDALE,33354.17540595399,82817.31985791611,9.890054127198917
94,2015,ROGERS PARK,47579.44432238683,621040.6370520426,42.54788928258693
95,2015,ROSELAND,38788.4942793179,48891.68835923481,10.390478008675581
96,2015,SOUTH CHICAGO,28807.6385071242,35448.67635016482,7.671177675159763
97,2015,SOUTH DEERING,64849.90663600798,61396.61933597895,16.29123176100481
98,2015,SOUTH LAWNDALE,45232.22860967597,64065.80688835094,12.491175123193702
99,2015,SOUTH SHORE,34780.391313062675,77588.81652260195,11.109015837623229
100,2015,UPTOWN,32718.318691919518,61858.302383893075,9.858424545516623
101,2015,WASHINGTON HEIGHTS,51628.8036488042,53272.161239970585,13.200502864260311
102,2015,WASHINGTON PARK,30092.424893907908,71344.1139045909,9.832981726491235
103,2015,WEST ELSDON,63997.25121852412,37262.457773104834,14.837075116795976
104,2015,WEST ENGLEWOOD,30831.533900610353,43452.719726054536,8.500584221051687
105,2015,WEST GARFIELD PARK,26325.73741226227,52636.85242572145,8.08422781905741
106,2015,WEST LAWN,72756.15474134346,45327.94665110829,17.026924242257902
107,2015,WEST PULLMAN,32640.730528849563,37655.96248734099,8.562004234884864
108,2015,WEST RIDGE,32706.19863099896,72170.63367572706,10.40365662260657
109,2015,WEST TOWN,43923.20422433627,66457.95128501981,12.355295913426529
110,2015,WOODLAWN,26424.490229580795,32249.872052931125,9.75875240848599
111,2016,ALBANY PARK,30017.941822501656,45115.849020908456,7.929268588497764
112,2016,ARCHER HEIGHTS,59415.035714255595,45269.48099333837,13.356084563466336
113,2016,ARMOUR SQUARE,32196.004905413836,36409.419890094156,7.868365120762676
114,2016,ASHBURN,33064.43989226565,56716.49639150098,9.106843574712077
115,2016,AUBURN GRESHAM,30279.848656244354,55905.606734703186,8.507441731329859
116,2016,AUSTIN,33298.08285533674,62417.484542475046,9.452973003937165
117,2016,AVALON PARK,18263.53823867004,36348.994896872,5.296903245101213
118,2016,AVONDALE,57399.20496384353,36879.24362252324,12.538790013443746
119,2016,BELMONT CRAGIN,45710.42927620817,58943.557626888025,11.556299706698075
120,2016,BEVERLY,9676.79477430534,40053.42749223999,3.910544883381742
121,2016,BRIDGEPORT,23096.84666631413,43608.19832653813,6.5735220898927444
122,2016,BRIGHTON PARK,51684.82308029146,41829.56885739875,11.748437070161943
123,2016,BURNSIDE,20310.53202715984,41642.51910605304,5.955419435933185
124,2016,CALUMET HEIGHTS,99309.69575552622,87249.60244573586,22.93947329733993
125,2016,CHATHAM,60036.89602989121,44826.66284169302,13.446976571371192
126,2016,CHICAGO LAWN,31555.00322513985,51863.13079869717,8.570798569071526
127,2016,CLEARING,12912.962421775015,38393.08697711447,4.418892908609031
128,2016,DOUGLAS,21624.27319803257,86655.37908833295,8.588890541791805
129,2016,DUNNING,39817.44236782769,50165.24082305696,10.005343237934275
130,2016,EAST GARFIELD PARK,41661.282071432186,52473.145062671225,10.466173503101823
131,2016,EAST SIDE,22409.5025031747,44269.69473360189,6.482124009682454
132,2016,EDGEWATER,27386.350716055364,66153.35022012048,8.561888686564116
133,2016,EDISON PARK,25810.26882976655,66591.7097050792,8.29461246542176
134,2016,ENGLEWOOD,37788.55325098987,75307.11818225269,10.967017496547681
135,2016,FOREST GLEN,38325.57375056473,35619.27589263972,8.956143544013585
136,2016,FULLER PARK,20731.687958452585,73687.97882825679,7.7351731458139845
137,2016,GAGE PARK,37476.257543200234,61418.544303834235,10.169847961376755
138,2016,GARFIELD RIDGE,81549.67178488807,58634.57264994535,18.145657092196863
139,2016,GRAND BOULEVARD,32649.995519860702,56174.83726738011,9.003440109531958
140,2016,GREATER GRAND CROSSING,32801.1953372435,67793.86635216934,9.646999797760321
141,2016,HEGEWISCH,61465.34239953978,70829.15757312541,15.091565814540782
142,2016,HERMOSA,43202.71493838555,45446.06747216418,10.376928393805377
143,2016,HUMBOLDT PARK,33922.14725505766,46324.368958097264,8.713071551244017
144,2016,HYDE PARK,28472.434098565922,46214.023598232365,8.936530882994493
145,2016,IRVING PARK,31845.246173849377,138404.77602251497,13.222034850927436
146,2016,JEFFERSON PARK,43942.4098580607,67019.32284635917,11.659428874309889
147,2016,KENWOOD,19805.55811137823,70517.87082181885,7.3967447692085555
148,2016,LAKEVIEW,23269.99975288055,59860.17616138249,7.469056232948792
149,2016,LINCOLN PARK,37406.913418085824,61728.2446237841,10.173830828686803
150,2016,LINCOLN SQUARE,50900.37084063986,64104.89988798366,12.786896182864023
151,2016,LOGAN SQUARE,35421.56968810248,44994.540810584265,8.900022615378637
152,2016,LOOP,45638.33165660956,39837.04741167564,10.675518101659907
153,2016,LOWER WEST SIDE,40759.17652677469,39642.21362804929,9.62040899778352
154,2016,MCKINLEY PARK,68051.50145671972,53696.313635649014,15.395222859988513
155,2016,MONTCLARE,44794.111115288964,70470.08147896176,11.99962896790257
156,2016,MORGAN PARK,54965.35710772304,30427.965827894095,11.747375619651795
157,2016,MOUNT GREENWOOD,35086.53110909817,45862.476336424734,8.907018030007098
158,2016,NEAR NORTH SIDE,39389.639354348794,49746.660201293605,9.953265221955942
159,2016,NEAR SOUTH SIDE,34892.49414949645,48162.017051775554,8.989133100697682
160,2016,NEAR WEST SIDE,43531.42490923085,41662.60720293279,10.258942465487491
161,2016,NEW CITY,46161.615083431774,37949.98675663366,10.524398835404451
162,2016,NORTH CENTER,42124.741726187945,43764.654069953926,10.09325445648317
163,2016,NORTH LAWNDALE,38042.372443411165,67967.94323509852,10.622825360603303
164,2016,NORTH PARK,38163.47850544494,49183.00520080757,9.646645273296865
165,2016,NORWOOD PARK,56489.14343374731,119016.21593125736,16.73362673144662
166,2016,OAKLAND,24487.367563010986,57994.98474317075,7.594026745796877
167,2016,OHARE,43603.62988168882,37535.361286463165,10.495972382804357
168,2016,PORTAGE PARK,45826.44686338953,47121.308687227734,10.952164909999846
169,2016,PULLMAN,48877.46519831981,664981.5170465563,44.335155179783634
170,2016,RIVERDALE,35396.960588633294,50395.43843031123,8.050152232746955
171,2016,ROGERS PARK,28269.222222859054,62408.76068568204,8.524589794206133
172,2016,ROSELAND,36611.337974175876,41547.52389146982,8.954943760512133
173,2016,SOUTH CHICAGO,31731.367625516585,64807.41642170744,9.290983289379538
174,2016,SOUTH DEERING,52272.72773739613,62811.199403363935,12.971260060527998
175,2016,SOUTH LAWNDALE,44997.02470918264,62488.829195950755,11.612957068610319
176,2016,SOUTH SHORE,20450.257991480466,78184.22581397698,7.922444748930979
177,2016,UPTOWN,27097.48479617024,63150.018318402435,8.349244801394317
178,2016,WASHINGTON HEIGHTS,45641.57603569446,49336.978974829944,11.03316436328014
179,2016,WASHINGTON PARK,16227.57184852222,67522.88693943569,6.5775863684409615
180,2016,WEST ELSDON,60967.28442817092,35008.67582586315,13.0971077257707
181,2016,WEST ENGLEWOOD,42272.2338400163,43118.844698429515,10.081915821388165
182,2016,WEST GARFIELD PARK,25961.109742338,54434.042666630514,7.676757927048543
183,2016,WEST LAWN,56883.98304496549,53045.27670894784,13.3037784929525
184,2016,WEST PULLMAN,79492.97433802797,55961.96500715047,17.624963047324187
185,2016,WEST RIDGE,26746.033855549915,73266.16277101063,8.821549272522985
186,2016,WEST TOWN,33572.87326358662,52587.43487300942,8.975194172994607
187,2016,WOODLAWN,34173.9989672036,39844.357499047626,10.645336804257694
188,2017,ALBANY PARK,32952.352516723346,54803.42105571281,9.003526603654754
189,2017,ARCHER HEIGHTS,59174.62288543171,43805.156132402066,13.267795410864084
190,2017,ARMOUR SQUARE,30923.780686532707,39438.227737283225,7.812392115877301
191,2017,ASHBURN,33226.681494466226,50569.29448441973,8.767677079635941
192,2017,AUBURN GRESHAM,29046.738459270815,56677.6438458848,8.35463538977805
193,2017,AUSTIN,33274.92139731793,63168.91892271928,9.480761511070394
194,2017,AVALON PARK,16832.064247836122,41661.58766853069,5.324846936146365
195,2017,AVONDALE,51166.92818498613,36710.45316007811,11.343489971499354
196,2017,BELMONT CRAGIN,43392.343108916306,42991.397167612566,10.256380449836689
197,2017,BEVERLY,10789.10233236515,49038.85613134045,4.599907752527456
198,2017,BRIDGEPORT,22722.95385865731,41718.896274967155,6.417413746046756
199,2017,BRIGHTON PARK,47919.25815806373,43909.65787697918,11.192261638183036
200,2017,BURNSIDE,22995.62745010974,42874.70076211232,6.529218102629029
201,2017,CALUMET HEIGHTS,97511.90437994021,80420.3280233961,22.30108156056834
202,2017,CHATHAM,55835.52502434773,45773.366907745665,12.672475263797594
203,2017,CHICAGO LAWN,34118.24608979229,76768.43458017963,10.385938727365561
204,2017,CLEARING,13160.249110678906,42236.77607247589,4.676871605211976
205,2017,DOUGLAS,24397.733173957884,92369.86897111435,9.372814892697596
206,2017,DUNNING,36549.79080342206,47038.27492737941,9.256380576893005
207,2017,EAST GARFIELD PARK,38663.89030261843,50362.344566437096,9.823653318973626
208,2017,EAST SIDE,20619.661949432397,45320.52212804948,6.219587521748224
209,2017,EDGEWATER,26418.588462191456,65444.42041216269,8.346596114090865
210,2017,EDISON PARK,23946.5395638672,66084.47234442788,7.937394469424446
211,2017,ENGLEWOOD,36378.12573800867,65647.68261767905,10.212948577490561
212,2017,FOREST GLEN,21126.731923698786,47666.0310882516,6.437786748907663
213,2017,FULLER PARK,19684.84997820277,66435.02530373965,7.168445194184878
214,2017,GAGE PARK,36351.84079989578,49467.54633600941,9.348640226512794
215,2017,GARFIELD RIDGE,72273.07548763296,55594.71828983527,16.19654751344513
216,2017,GRAND BOULEVARD,28763.03414074527,52295.16978020098,8.095863068341679
217,2017,GREATER GRAND CROSSING,30004.92033597615,72406.03077617973,9.348046082731269
218,2017,HEGEWISCH,62102.3769651253,86852.44687270642,16.095638168485443
219,2017,HERMOSA,37681.27482278252,55024.05892123216,9.889644757372682
220,2017,HUMBOLDT PARK,30855.61909831358,49600.94840279274,8.339586700416596
221,2017,HYDE PARK,24787.34056096113,55646.44103839573,8.38786564726167
222,2017,IRVING PARK,29661.049156283436,58074.0817055976,8.568706502039976
223,2017,JEFFERSON PARK,42206.694102949514,67262.62452301245,11.37694530456907
224,2017,KENWOOD,18409.475482194543,67516.1974872522,6.9899151677880536
225,2017,LAKEVIEW,23999.108812345778,61124.29834287686,7.682411062314403
226,2017,LINCOLN PARK,34870.03749362913,63751.143108264245,9.816579654137662
227,2017,LINCOLN SQUARE,46496.94271427951,68476.79516830805,12.234269627040964
228,2017,LOGAN SQUARE,32530.385380109434,36383.443913918396,7.905509229480541
229,2017,LOOP,43081.89638220807,42928.32199042816,10.34486176406147
230,2017,LOWER WEST SIDE,35789.69375817115,42520.471420649796,8.79439072032105
231,2017,MCKINLEY PARK,64933.51390831051,58454.58654425881,15.110798735892912
232,2017,MONTCLARE,43440.70847618993,72081.34173124531,11.699160509014371
233,2017,MORGAN PARK,51342.79016230777,53771.539848778724,12.348940351275862
234,2017,MOUNT GREENWOOD,38502.3421460245,54737.66355169289,9.680110847381718
235,2017,NEAR NORTH SIDE,38312.87006876966,50670.775908570504,9.810463157623722
236,2017,NEAR SOUTH SIDE,32927.98086905207,51985.43826189983,8.843785219771277
237,2017,NEAR WEST SIDE,41683.811695765544,45207.34758965155,10.100222823085492
238,2017,NEW CITY,43921.44904474844,40495.325541964085,10.180742206847688
239,2017,NORTH CENTER,39670.71722401935,43690.286478793976,9.655400417343944
240,2017,NORTH LAWNDALE,33077.68764882115,156790.02711711577,14.369987481128295
241,2017,NORTH PARK,38266.056226337176,54190.08699294386,9.909625239197812
242,2017,NORWOOD PARK,54016.77327992394,119641.29911025453,16.34223651758224
243,2017,OAKLAND,18284.346723899318,64418.087734967856,6.8022242078865425
244,2017,OHARE,43171.84735389305,40947.9126346619,10.542933902340033
245,2017,PORTAGE PARK,50532.631554117914,43884.77953446754,11.674141749410449
246,2017,PULLMAN,46856.23742122233,88124.58796821177,13.344140824237329
247,2017,RIVERDALE,39995.280047111584,69766.00280716016,10.462049804918582
248,2017,ROGERS PARK,29303.80070882627,64102.53793022752,8.814114468891095
249,2017,ROSELAND,37286.776553938835,105642.79418355513,12.505488987966245
250,2017,SOUTH CHICAGO,30306.168129447553,71138.33035953024,9.38205345499084
251,2017,SOUTH DEERING,50938.485100406935,59810.26122737687,12.595002943354856
252,2017,SOUTH LAWNDALE,47616.980112199744,64869.80557996126,12.179296830860814
253,2017,SOUTH SHORE,20624.437684683977,76669.80388314738,7.885651582672408
254,2017,UPTOWN,24287.756398163347,66214.84587572569,8.005292462785642
255,2017,WASHINGTON HEIGHTS,40350.51313097078,51592.21401349891,10.200942261171662
256,2017,WASHINGTON PARK,18619.26217318776,72382.13096075434,7.287291204855442
257,2017,WEST ELSDON,55772.60234899569,31672.449520555663,11.9945096080433
258,2017,WEST ENGLEWOOD,43637.84518289433,41558.1226219798,10.27554127358944
259,2017,WEST GARFIELD PARK,23713.323779901042,54134.11284625475,7.203137185625839
260,2017,WEST LAWN,49285.78506660598,42290.00056704721,11.359061154874313
261,2017,WEST PULLMAN,32377.27194037824,53955.28190702698,8.806175662605442
262,2017,WEST RIDGE,25556.125581366545,69001.36180216816,8.375245948640648
263,2017,WEST TOWN,33625.170599196295,55602.96249083001,9.117057179604153
264,2017,WOODLAWN,23235.664694130224,48067.31546738375,7.453133476237332
265,2018,ALBANY PARK,29084.81751649853,56667.84389315433,7.848445761745698
266,2018,ARCHER HEIGHTS,33439.25545321963,49276.90040866141,8.18027033690494
267,2018,ARMOUR SQUARE,32656.693856553782,44098.00244533206,7.7750602588800755
268,2018,ASHBURN,32821.0699321526,56981.31960226484,8.486788200120941
269,2018,AUBURN GRESHAM,29775.682987913235,61387.10879026684,8.21406111787311
270,2018,AUSTIN,32816.58523940018,70417.31148074465,9.199710567939663
271,2018,AVALON PARK,19069.139326186778,43236.92426774543,5.469073593580043
272,2018,AVONDALE,43814.11868193363,48877.14466210639,9.885259498981753
273,2018,BELMONT CRAGIN,42822.6988357921,49030.13356317908,9.728464253828374
274,2018,BEVERLY,11811.962253331507,55882.43059624278,4.9327466061656216
275,2018,BRIDGEPORT,25942.354983171535,58073.30429753911,7.400253688484936
276,2018,BRIGHTON PARK,33954.67754618524,52496.83609915528,8.43721605054193
277,2018,BURNSIDE,13897.701612677516,48489.57889021366,4.887851461261595
278,2018,CALUMET HEIGHTS,92363.93320733137,85016.34942351872,19.88172095470871
279,2018,CHATHAM,53401.612438833654,48683.13732980699,11.469758336491662
280,2018,CHICAGO LAWN,32828.7961726719,323242.9744571399,22.63064643954519
281,2018,CLEARING,14221.585561254826,57116.87442685397,5.399413501556942
282,2018,DOUGLAS,26634.158437152346,388579.69242823974,25.900554347381473
283,2018,DUNNING,38528.373318040845,55113.39508574466,9.337236674341613
284,2018,EAST GARFIELD PARK,43279.32559029778,55199.74740769015,10.131932955489635
285,2018,EAST SIDE,21778.526287577744,61069.66173979972,6.867013845020475
286,2018,EDGEWATER,27863.133797564307,67612.44165560594,8.226658665343045
287,2018,EDISON PARK,28120.84891348769,62111.27584785629,7.977402706658793
288,2018,ENGLEWOOD,36617.38752865389,79582.82186687134,10.31899515895086
289,2018,FOREST GLEN,51279.84227133652,42495.76766194232,10.788116515452014
290,2018,FULLER PARK,21339.534960859757,66088.36407058511,7.06040675524555
291,2018,GAGE PARK,35728.60737022139,59589.50387247712,9.108949573821281
292,2018,GARFIELD RIDGE,72500.92621288594,64268.45608754514,15.47541601398605
293,2018,GRAND BOULEVARD,28417.64614856647,57588.913631877505,7.786396109064811
294,2018,GREATER GRAND CROSSING,30853.980366976022,80239.44137390403,9.39486056507132
295,2018,HEGEWISCH,65723.1866437644,94189.95539904275,15.937015647739495
296,2018,HERMOSA,33049.91041510407,50526.87306757946,8.181974754015728
297,2018,HUMBOLDT PARK,33231.17032102985,49581.05574199551,8.161940751567563
298,2018,HYDE PARK,24805.291580935176,90969.60197635824,9.73088775004355
299,2018,IRVING PARK,29373.96071508017,51892.13478150496,7.64312405245828
300,2018,JEFFERSON PARK,43149.81968832165,67480.71377336951,10.762742853504824
301,2018,KENWOOD,17820.319427438186,77658.05908107146,7.089438274634499
302,2018,LAKEVIEW,25186.445089177116,66640.82570970304,7.729723032772281
303,2018,LINCOLN PARK,32691.978814191367,65828.08634842314,8.935225189357666
304,2018,LINCOLN SQUARE,44724.60605774304,78015.1243956053,11.58438673858056
305,2018,LOGAN SQUARE,36955.69106379965,43889.24106541338,8.479341433090429
306,2018,LOOP,42629.57781491343,45409.70920607268,9.653746995765568
307,2018,LOWER WEST SIDE,37964.32575778908,47044.53404040483,8.81491147201668
308,2018,MCKINLEY PARK,63716.11300517108,42516.635394831945,12.858121422930047
309,2018,MONTCLARE,43216.89171530367,77106.98346564308,11.285452432425904
310,2018,MORGAN PARK,63115.61150270109,69492.48445533549,14.191133054187606
311,2018,MOUNT GREENWOOD,36201.034816546846,62730.44054560028,9.354444875089694
312,2018,NEAR NORTH SIDE,39484.83969171376,57672.37035893028,9.666437068187237
313,2018,NEAR SOUTH SIDE,32143.685448211905,53989.042689093105,8.21485098768457
314,2018,NEAR WEST SIDE,41775.43790219425,47983.18916920192,9.480751567084111
315,2018,NEW CITY,44113.504095912715,44819.65023575412,9.719439682505438
316,2018,NORTH CENTER,49861.90637510695,59321.88898819553,11.44598132990044
317,2018,NORTH LAWNDALE,35076.71922565219,142271.22949003393,13.392399167174066
318,2018,NORTH PARK,39710.93845147762,54576.55991829174,9.5051890926773
319,2018,NORWOOD PARK,50104.96222689652,127789.65869909711,15.123258335442689
320,2018,OAKLAND,22990.848943781417,60809.24189659227,7.054609973715733
321,2018,OHARE,60042.184996005795,38456.464059209626,12.122143245936359
322,2018,PORTAGE PARK,38335.2349309067,51858.31711225812,9.132058654322746
323,2018,PULLMAN,46183.197663447674,145894.88443380012,15.43224747360869
324,2018,RIVERDALE,39048.8452300406,83055.23976657644,9.624069688768605
325,2018,ROGERS PARK,32192.569004385954,62238.71269707157,8.6615185173039
326,2018,ROSELAND,38957.435739618406,120382.5411766245,12.875394536268983
327,2018,SOUTH CHICAGO,32485.7336616128,68845.43168147885,9.061215570715568
328,2018,SOUTH DEERING,39233.112922671644,79453.49496593066,10.74716639950813
329,2018,SOUTH LAWNDALE,46449.65887795123,70176.93843154,11.454988489226174
330,2018,SOUTH SHORE,20904.45271266989,92642.87208816796,8.398463541935577
331,2018,UPTOWN,24870.521831244358,64896.12815836172,7.584548221023489
332,2018,WASHINGTON HEIGHTS,47296.88251817667,65368.44380775299,11.340672182380354
333,2018,WASHINGTON PARK,15223.665300404804,94096.65834523515,7.530740546240566
334,2018,WEST ELSDON,51879.59014089231,34052.23790178975,10.439670890255263
335,2018,WEST ENGLEWOOD,46214.82935897929,49278.024930606,10.306014290461729
336,2018,WEST GARFIELD PARK,29681.633300999005,65748.38229311151,8.43015619138371
337,2018,WEST LAWN,56067.43558478241,42683.28491070158,11.594835631454382
338,2018,WEST PULLMAN,35541.226142469095,54592.77623743471,8.81239868278077
339,2018,WEST RIDGE,26793.712610819053,78443.75866643609,8.624132813093803
340,2018,WEST TOWN,35356.09869298939,61660.989034623824,9.157138160225152
341,2018,WOODLAWN,25700.671101008706,55960.267273101876,7.8854497775693115
342,2019,ALBANY PARK,30642.266414277743,42462.70106848598,7.35264095878717
343,2019,ARCHER HEIGHTS,36179.65897790943,34673.170682319564,7.860797315485719
344,2019,ARMOUR SQUARE,66355.62982439449,27594.679125326747,12.50484711627677
345,2019,ASHBURN,8879.60588363564,28639.09586426776,2.998525786902728
346,2019,AUBURN GRESHAM,20346.047787324685,56379.69047080018,6.379513898922994
347,2019,AUSTIN,31216.24676766144,64778.52585891534,8.557708812196791
348,2019,AVONDALE,45519.22800022215,58626.812735328785,10.681960405193488
349,2019,BELMONT CRAGIN,72123.10543273976,51407.87016796126,14.729194178873596
350,2019,BRIDGEPORT,45006.251725230795,110333.83906024763,13.347918988273541
351,2019,BRIGHTON PARK,56204.686046511626,49899.36395348837,12.001162790697673
352,2019,BURNSIDE,12429.247062643091,31559.75247275353,3.744255431101558
353,2019,CHATHAM,72351.08770776149,64238.735647042085,15.448906033004382
354,2019,CHICAGO LAWN,40839.64314064672,142469.6608706181,14.361628713691529
355,2019,DOUGLAS,35091.70682609753,573626.4322728051,41.36214593686144
356,2019,DUNNING,104421.26561683114,67763.44010486019,20.45882706764417
357,2019,EAST GARFIELD PARK,47025.75364378026,51895.0759934998,10.57984081476982
358,2019,EAST SIDE,13520.709468982413,71563.33289967259,6.050651575272664
359,2019,EDGEWATER,29616.703682029758,76842.66440377322,9.008550253297358
360,2019,EDISON PARK,12968.351822503962,72092.40183130832,5.986969536890298
361,2019,ENGLEWOOD,36071.87212355675,51964.87177281126,8.76129659644313
362,2019,FOREST GLEN,79812.32894736843,2477.669956140351,13.408991228070176
363,2019,GARFIELD RIDGE,142743.72535192245,108146.67741532272,29.49140051963053
364,2019,GRAND BOULEVARD,32809.16775587855,62957.44824691564,8.766516843023311
365,2019,GREATER GRAND CROSSING,34543.990585009495,91004.5869834096,10.580526423859016
366,2019,HERMOSA,6457.151834340775,5898.253935005087,1.3869770782213178
367,2019,HUMBOLDT PARK,37818.16469905835,64370.97963416762,9.71080313965095
368,2019,HYDE PARK,31422.61748191891,43043.76855112493,10.211579622979249
369,2019,IRVING PARK,47667.19090500762,59802.47791012546,11.106614517641328
370,2019,JEFFERSON PARK,63907.05364576902,88114.59895772976,15.312661046465607
371,2019,KENWOOD,15664.138952212343,52270.730496898,5.382168281185869
372,2019,LAKEVIEW,25850.31652184827,68024.58516780751,7.913595109209695
373,2019,LINCOLN PARK,36916.46401347399,64139.626927514975,9.548324536017995
374,2019,LINCOLN SQUARE,31499.164395598822,76764.61450552972,9.31763953202001
375,2019,LOGAN SQUARE,43227.11391109504,49163.86736566009,9.799670269182117
376,2019,LOOP,48073.741974487086,104518.1606889523,13.657620988354113
377,2019,LOWER WEST SIDE,54248.35519840827,43015.29954543935,11.309883543900838
378,2019,MCKINLEY PARK,108464.54315539013,51910.96921601629,20.80165318148732
379,2019,MONTCLARE,41010.3050462731,57574.85737743515,9.880649815571667
380,2019,MORGAN PARK,112441.20129392859,160331.98172313132,27.22226297799422
381,2019,MOUNT GREENWOOD,40676.793808959854,31806.432664951473,8.45686827023863
382,2019,NEAR NORTH SIDE,43641.26357695328,56198.86678473955,10.278629888757118
383,2019,NEAR SOUTH SIDE,35874.57614727966,52823.888269300056,8.773994296626244
384,2019,NEAR WEST SIDE,42340.36879624627,50114.056909208935,9.617212998979737
385,2019,NEW CITY,58376.38143726982,41995.917650665746,11.942460698881685
386,2019,NORTH CENTER,48399.45856161864,62711.769692379676,11.382734495078878
387,2019,NORTH LAWNDALE,25314.365571493414,51441.39572201257,6.934895095205398
388,2019,NORTH PARK,53875.35497843686,61911.78115992928,12.187683813920852
389,2019,NORWOOD PARK,65121.39473807269,223949.23264497356,22.728746782069518
390,2019,OAKLAND,24434.411948464047,35242.54396534039,5.936684279139639
391,2019,OHARE,52716.71208515564,34803.33916305715,11.6409479671632
392,2019,PORTAGE PARK,56106.16431104898,53041.403194480015,12.151203588658165
393,2019,PULLMAN,52499.42793813257,41622.258259041344,10.94414655214564
394,2019,ROGERS PARK,31640.566054191535,66348.2235977908,8.787835010643956
395,2019,ROSELAND,35281.691896121825,45014.21700397881,8.260621355176186
396,2019,SOUTH DEERING,62312.96351199157,59517.22099651856,13.527952562687362
397,2019,SOUTH LAWNDALE,39766.101017712994,99870.25482101348,11.927576103098609
398,2019,SOUTH SHORE,16753.367173730054,109383.84581677338,8.57891394474611
399,2019,UPTOWN,26542.539379385962,75927.91519486009,8.421407055660737
400,2019,WASHINGTON HEIGHTS,54296.000383524035,64114.582574621774,12.43826428025337
401,2019,WASHINGTON PARK,16267.54236120768,71195.23798014669,6.488047042592787
402,2019,WEST ELSDON,113794.55907575507,35842.905984766585,20.83457164946611
403,2019,WEST ENGLEWOOD,136509.8160672524,79424.37582959358,26.929397636053345
404,2019,WEST GARFIELD PARK,53589.182654812044,111435.42544064888,14.833879270004678
405,2019,WEST LAWN,46872.314849580434,48678.27290995063,10.383458926260753
406,2019,WEST RIDGE,22230.313733119852,77911.1610129827,7.836558880244757
407,2019,WEST TOWN,46443.7829391616,61349.59731127689,10.978266863997145
408,2019,WOODLAWN,30611.3034233458,39136.84931029677,8.757836037963258
409,2020,ALBANY PARK,22425.613542156076,48087.68379472951,6.054046827974047
410,2020,ARCHER HEIGHTS,62244.82584774295,41394.241311732585,11.913071823233746
411,2020,ARMOUR SQUARE,26602.06663537881,46695.397354730165,6.631994799353246
412,2020,ASHBURN,23423.503498112426,42294.31217395858,5.902185486773912
413,2020,AUBURN GRESHAM,24730.316041909202,54391.20278857944,6.748532009744163
414,2020,AUSTIN,26844.792758468484,55593.04121088571,7.1424780332910025
415,2020,AVALON PARK,20303.280454546046,41473.303657145676,5.371645401403518
416,2020,AVONDALE,33551.23053075092,42655.76624332112,7.501895658017488
417,2020,BELMONT CRAGIN,31721.08019917906,43435.60022624923,7.25779225928292
418,2020,BEVERLY,9588.656054052033,38349.26762986325,3.5328288809384305
419,2020,BRIDGEPORT,21266.12060199444,58443.1313350047,6.423293715109847
420,2020,BRIGHTON PARK,31017.112939765586,42586.70334065525,7.102802823655204
421,2020,BURNSIDE,18805.95666020202,47830.23612720054,5.475551316687218
422,2020,CALUMET HEIGHTS,50337.24099691188,55879.091576559425,10.824357840332373
423,2020,CHATHAM,42824.73550115911,67007.4495361334,10.24287290275218
424,2020,CHICAGO LAWN,22715.753059528048,76484.1911875323,7.60770301950006
425,2020,CLEARING,20052.347807051767,58968.76197589048,6.261770612455944
426,2020,DOUGLAS,27038.56053732028,250725.15990591914,20.18340218304634
427,2020,DUNNING,31884.21049709369,45623.006838192225,7.399462371723903
428,2020,EAST GARFIELD PARK,33620.17318186437,52635.672700150266,8.042838718706404
429,2020,EAST SIDE,24832.00696179432,68348.83391035476,7.506146802994915
430,2020,EDGEWATER,23668.55037741087,60731.52609335889,6.919658419893915
431,2020,EDISON PARK,17415.877812963612,46950.10701870073,5.211431631568332
432,2020,ENGLEWOOD,27534.645501460676,60831.47591335079,7.528416824782787
433,2020,FOREST GLEN,28276.27692651187,38381.66415747688,6.451879455852891
434,2020,FULLER PARK,27333.273645829322,47733.399112697,6.801384425141794
435,2020,GAGE PARK,26715.77589060782,52847.9830228344,6.97657079764652
436,2020,GARFIELD RIDGE,52858.665682548395,71142.57311521281,12.028235815403017
437,2020,GRAND BOULEVARD,27398.28456881022,55950.04684396604,7.247814284398495
438,2020,GREATER GRAND CROSSING,23529.368957038958,65426.05518845715,7.1473665016993255
439,2020,HEGEWISCH,42481.5165193079,67887.74696691653,10.236097276641672
440,2020,HERMOSA,24598.265962819794,43918.33267631318,6.171785716748642
441,2020,HUMBOLDT PARK,26885.343335840673,45309.44666236441,6.602526307685737
442,2020,HYDE PARK,25488.43313663229,46129.09647521159,7.970767880817909
443,2020,IRVING PARK,22372.500182873755,50710.14403186949,6.185112018292244
444,2020,JEFFERSON PARK,43017.024388635225,72599.95899385624,10.569932378070153
445,2020,KENWOOD,17369.94969128818,64681.46665485121,6.146503906462355
446,2020,LAKEVIEW,21789.49153151981,66311.10355369729,6.922803913588795
447,2020,LINCOLN PARK,29654.00084782725,54392.783276886315,7.517149967753153
448,2020,LINCOLN SQUARE,29874.808329360814,60972.69850317988,7.901032016934418
449,2020,LOGAN SQUARE,28258.993660187854,45184.97182443585,6.799923440335335
450,2020,LOOP,34646.94675678134,36680.32642575625,7.426418933792165
451,2020,LOWER WEST SIDE,27806.950366064983,39460.536098356344,6.435817472460617
452,2020,MCKINLEY PARK,27179.885717110472,36791.050892320156,6.196205495002944
453,2020,MONTCLARE,31790.58420410011,52691.03450331949,7.760168029849327
454,2020,MORGAN PARK,27614.177719018306,63034.34226234199,7.658091971866299
455,2020,MOUNT GREENWOOD,28999.483725875576,50390.897808312926,7.202470722512439
456,2020,NEAR NORTH SIDE,31455.173986004673,43455.82508367342,7.240814094667596
457,2020,NEAR SOUTH SIDE,26720.112946984496,44482.305451327535,6.532798737404691
458,2020,NEAR WEST SIDE,32997.66766037536,36999.16870940933,7.0937748754427306
459,2020,NEW CITY,34793.93901153682,43962.20418384949,7.765288768477391
460,2020,NORTH CENTER,36077.10367885576,52778.164497434576,8.43383530210917
461,2020,NORTH LAWNDALE,26248.821444654397,50450.08833110335,6.776229359496416
462,2020,NORTH PARK,33642.15575762584,45168.32092009186,7.649529166992291
463,2020,NORWOOD PARK,43476.39491830216,114870.72110761149,12.88668447698377
464,2020,OAKLAND,20361.89538669834,64877.83567025537,6.623867732133192
465,2020,OHARE,33661.40341416473,27463.722156526426,7.114712515697234
466,2020,PORTAGE PARK,42633.75291253042,48569.56236881643,9.233605505153463
467,2020,PULLMAN,42610.2756223512,114632.68804679438,12.738823347628836
468,2020,RIVERDALE,29164.044843862303,74321.46803713214,8.130101001345507
469,2020,ROGERS PARK,26754.029889209734,66907.3550548047,7.729274111120397
470,2020,ROSELAND,28069.8929368371,102981.89080201348,9.850607166466851
471,2020,SOUTH CHICAGO,24038.5928850141,53856.645180166815,6.612094733595622
472,2020,SOUTH DEERING,34737.99429400653,71885.17783307315,9.239683000755198
473,2020,SOUTH LAWNDALE,39839.654244139354,68128.46641196327,9.83665621897138
474,2020,SOUTH SHORE,20296.16957734826,80867.84524791212,7.462847479396361
475,2020,UPTOWN,22611.16859194495,60789.89129926104,6.762065510018326
476,2020,WASHINGTON HEIGHTS,40392.50366295648,58258.2933027937,9.398394824280446
477,2020,WASHINGTON PARK,20088.408387815205,63516.42991338389,6.508959357673629
478,2020,WEST ELSDON,51840.26617971345,37020.60731052064,10.056772937335204
479,2020,WEST ENGLEWOOD,34137.853763428466,47541.87618100447,7.85310038522284
480,2020,WEST GARFIELD PARK,25954.132580183083,72658.42534233294,7.909788277952954
481,2020,WEST LAWN,33705.830116175144,33679.3488027977,7.049159009643658
482,2020,WEST PULLMAN,24344.627169502965,47444.45272011609,6.319441850976597
483,2020,WEST RIDGE,20760.24028164485,68005.79134085847,6.852101097637107
484,2020,WEST TOWN,31516.552591471493,50864.029339522196,7.620392685353464
485,2020,WOODLAWN,31122.92456031307,47513.78525398433,8.807102635449516
486,2021,ALBANY PARK,24970.570280066215,44824.29495974766,5.947095310804587
487,2021,ARCHER HEIGHTS,66898.73319966723,57346.01038392547,12.600903817227428
488,2021,ARMOUR SQUARE,32297.690172545328,45441.080586665674,7.026512089444533
489,2021,ASHBURN,26475.74597041674,43051.16090040732,6.068123934112784
490,2021,AUBURN GRESHAM,22266.089421954264,57546.25665700765,6.229746800638575
491,2021,AUSTIN,29996.160750327934,64515.084502510006,7.7109518493902875
492,2021,AVALON PARK,14522.352696507052,34449.495438688406,3.9039106258957355
493,2021,AVONDALE,41395.82209397521,50259.540896910206,8.581577657061587
494,2021,BELMONT CRAGIN,31249.12021457906,47234.317461391525,6.972053622231645
495,2021,BEVERLY,31502.321229985246,20169.47169623157,5.57076539893837
496,2021,BRIDGEPORT,17954.16683025011,67804.9912426093,6.165615831896508
497,2021,BRIGHTON PARK,36408.15215839715,42841.07879914178,7.475640487063463
498,2021,BURNSIDE,12092.388312677853,39732.273865244366,3.8377210032810334
499,2021,CALUMET HEIGHTS,43857.82426675228,49076.40918719756,8.870588494781073
500,2021,CHATHAM,51403.02934944029,52990.49797550227,10.156418214522638
501,2021,CHICAGO LAWN,26421.674782524045,40223.76109610865,5.9101979303666585
502,2021,CLEARING,12098.831034031018,53177.36740801951,4.5529209033285305
503,2021,DOUGLAS,27412.925236118917,83079.56496563047,25.639541126114406
504,2021,DUNNING,29102.578699302718,42883.51876375335,6.434422166768878
505,2021,EAST GARFIELD PARK,44962.53503975015,45040.8954730249,8.814377711883674
506,2021,EAST SIDE,21905.117050361983,63658.76632175051,6.509820348220603
507,2021,EDGEWATER,26188.277485067403,50156.91544913808,6.4044338144775255
508,2021,EDISON PARK,20243.235770366206,42934.808063157645,5.172027737019935
509,2021,ENGLEWOOD,35822.846195516184,55563.734036015856,8.067844099303908
510,2021,FOREST GLEN,18346.16850598309,22866.411494896736,3.8349947078472537
511,2021,GAGE PARK,35368.2335258572,47436.90067030563,7.571122738660039
512,2021,GARFIELD RIDGE,47994.56941166678,60335.13894959347,10.059819741271111
513,2021,GRAND BOULEVARD,30523.223646117392,57031.98710356737,7.3885869108722915
514,2021,GREATER GRAND CROSSING,22574.395544271592,56803.97128197383,6.241494618534825
515,2021,HEGEWISCH,48465.96215510456,78697.80874784179,11.102608385927839
516,2021,HERMOSA,31593.865775133738,46153.53753083026,6.963684316337576
517,2021,HUMBOLDT PARK,30268.622751834933,38507.09250827267,6.372547992766063
518,2021,HYDE PARK,29394.556017228006,38873.661470074105,8.965446859039101
519,2021,IRVING PARK,21148.847732537037,47365.99737887819,5.536469197481436
520,2021,JEFFERSON PARK,38577.44299055756,66909.81586242521,9.063755236951417
521,2021,KENWOOD,17552.104311962437,64825.50952057402,5.950064983134934
522,2021,LAKEVIEW,23317.906908314955,49509.34595861103,5.963406679763499
523,2021,LINCOLN PARK,30640.158293472887,49344.00765190862,6.997165658301997
524,2021,LINCOLN SQUARE,37153.53030912265,58506.60205944699,8.375689454044473
525,2021,LOGAN SQUARE,30308.08443873752,40601.34336212614,6.4823065067368315
526,2021,LOOP,41214.82326742526,29788.08173061071,7.588077122956098
527,2021,LOWER WEST SIDE,44300.406706527414,36912.31320049332,8.28795359503641
528,2021,MCKINLEY PARK,50456.16899544029,47704.10937030517,9.740631261442333
529,2021,MONTCLARE,31902.575904653735,58279.541171234436,7.6518831496739965
530,2021,MORGAN PARK,47030.10907038514,73142.56564569284,10.602285700825574
531,2021,MOUNT GREENWOOD,31472.32856753778,43704.35570594009,6.816456050170626
532,2021,NEAR NORTH SIDE,34376.61143968132,40217.98356429563,7.072162768059462
533,2021,NEAR SOUTH SIDE,27438.40309375223,39375.76956009803,6.0102192470747156
534,2021,NEAR WEST SIDE,36001.933335921014,32828.837243307535,6.9083838250820415
535,2021,NEW CITY,36867.737661601015,45605.79557981594,7.687987374196904
536,2021,NORTH CENTER,34934.72150873096,47771.94475753179,7.527138804042171
537,2021,NORTH LAWNDALE,25914.257454630446,39462.97792565666,5.797363679863644
538,2021,NORTH PARK,37955.10997751513,44633.746182573006,7.791883004615021
539,2021,NORWOOD PARK,40941.891324091746,53485.81544546329,8.68840236992007
540,2021,OAKLAND,21734.798226101993,45698.1909254477,5.531677030792785
541,2021,OHARE,33224.6210716118,19399.173651430167,5.775828371448638
542,2021,PORTAGE PARK,25234.31105034574,50171.1392818307,6.26917482074963
543,2021,PULLMAN,41499.27708252709,167855.21070807692,14.842849540752384
544,2021,RIVERDALE,20453.63726955655,92405.1230415767,7.829541050766761
545,2021,ROGERS PARK,29507.344838854482,62040.82089672928,7.5096812321061375
546,2021,ROSELAND,34260.38452548585,45327.2761609915,7.300808994832672
547,2021,SOUTH CHICAGO,19717.14750515117,26349.752070728835,4.21578090342948
548,2021,SOUTH DEERING,41322.871324904954,57087.21529426533,8.934236820912515
549,2021,SOUTH LAWNDALE,44760.05446519311,62692.38273884144,9.723173137316794
550,2021,SOUTH SHORE,20968.765474081076,71821.48025323014,6.809571173154102
551,2021,UPTOWN,23005.875523093884,50007.45032961392,5.941970662208798
552,2021,WASHINGTON HEIGHTS,43011.99631458667,56127.577407841905,9.124418202999095
553,2021,WASHINGTON PARK,18589.19046090317,54101.54872714928,5.528495419308961
554,2021,WEST ELSDON,48427.447386140244,33165.12301458422,8.67809534068443
555,2021,WEST ENGLEWOOD,43924.630517182195,56249.79472639302,9.261567124254164
556,2021,WEST GARFIELD PARK,21414.871278099785,44636.35576077924,5.42968764374698
557,2021,WEST LAWN,38772.06762047148,34585.237984311854,7.374758795463572
558,2021,WEST PULLMAN,36798.14698705778,56250.92735155361,8.243354962655959
559,2021,WEST RIDGE,22466.71813116115,63776.59995009917,6.596384333497768
560,2021,WEST TOWN,32057.973255114473,45342.30988329417,6.9866180604865615
561,2021,WOODLAWN,41034.37308151395,29868.893349963862,10.456397355258927
562,2022,ALBANY PARK,25117.25231425817,49808.06052625847,5.953858423653613
563,2022,ARCHER HEIGHTS,62119.88489881847,50865.97561182398,10.936544300796625
564,2022,ARMOUR SQUARE,28663.73785291962,47495.01663475561,6.298098392836303
565,2022,ASHBURN,28316.982713547943,43813.26160240728,6.056809603117031
566,2022,AUBURN GRESHAM,29150.035010744617,55456.58011936896,6.784968344049256
567,2022,AUSTIN,26652.012354459453,66234.02851636603,7.028925436961674
568,2022,AVALON PARK,15260.226058202357,32955.0649774208,3.7601249365591243
569,2022,AVONDALE,40607.39555989986,68688.03672450971,8.996760626725035
570,2022,BELMONT CRAGIN,32496.67634488553,45714.82594545711,6.726622438790411
571,2022,BEVERLY,30729.240383030672,23359.177376930653,5.287862549519729
572,2022,BRIDGEPORT,21460.744412651602,67701.3796788861,6.42253599062571
573,2022,BRIGHTON PARK,36356.73798389766,43979.447104966384,7.167147901058077
574,2022,BURNSIDE,11404.08807476403,43389.423460687205,3.8066211572252713
575,2022,CALUMET HEIGHTS,43557.79771331314,63047.989922695444,9.08599802293743
576,2022,CHATHAM,36817.790508911115,52307.55517581262,7.627817224953438
577,2022,CHICAGO LAWN,31609.015481376155,73024.21349666743,7.84370813987564
578,2022,CLEARING,12433.841564802031,54217.549605473985,4.517650378402346
579,2022,DOUGLAS,21166.80297405359,105223.54354008642,8.7255905746651
580,2022,DUNNING,30085.26607388625,46493.425800964906,6.439511471264912
581,2022,EAST GARFIELD PARK,40068.35254392098,49782.072021064974,7.921658103324337
582,2022,EAST SIDE,26158.167116345234,65048.24826213377,6.900114252986848
583,2022,EDGEWATER,23923.45091695378,58117.47815033001,6.237923524327806
584,2022,EDISON PARK,29177.3466070703,33081.4367287581,5.599991445497124
585,2022,ENGLEWOOD,33749.86011693074,60348.847037193766,7.675923282115979
586,2022,FOREST GLEN,36516.49532636161,48100.99309162277,7.364647662173216
587,2022,FULLER PARK,19598.22731666635,71201.92810705282,6.363369282965939
588,2022,GAGE PARK,38322.78121786428,47483.68952831746,7.638844291095847
589,2022,GARFIELD RIDGE,47149.34768012338,44023.63209193072,8.548387454471362
590,2022,GRAND BOULEVARD,30104.759518663963,59452.43700694273,7.123084121977662
591,2022,GREATER GRAND CROSSING,24055.46880517876,58928.469320494565,6.298473551957676
592,2022,HEGEWISCH,48757.097062778535,76086.215400267,10.462916267351424
593,2022,HERMOSA,27891.96690368204,51899.313994067874,6.430433446634998
594,2022,HUMBOLDT PARK,29598.108876334958,45727.43876749881,6.346178395407583
595,2022,HYDE PARK,30215.033626860633,43411.47405674838,9.272767232297362
596,2022,IRVING PARK,18030.515076230735,51264.00337888901,5.0978150583669875
597,2022,JEFFERSON PARK,17210.326549981517,58903.45811475001,5.395354441592008
598,2022,KENWOOD,19609.201840295427,66599.48525710133,6.126581743986573
599,2022,LAKEVIEW,22658.16558487144,55523.199751262495,5.944268451596779
600,2022,LINCOLN PARK,31723.13351029402,54600.774234481876,7.081381909529034
601,2022,LINCOLN SQUARE,33012.54318724916,65907.019267111,7.889602565333958
602,2022,LOGAN SQUARE,28559.7295033674,39560.68331652936,5.862978763686857
603,2022,LOOP,41905.443222291164,32466.608118002536,7.361551115311992
604,2022,LOWER WEST SIDE,33418.26917317045,44790.73262000797,6.863547455159748
605,2022,MCKINLEY PARK,15552.0250385609,9218.18418388107,2.538158728957105
606,2022,MONTCLARE,31247.54998080286,56121.75215193088,7.096608697615421
607,2022,MORGAN PARK,43670.12700827212,65945.30930241018,9.254601943222616
608,2022,MOUNT GREENWOOD,31808.40886742436,46246.164383793,6.711161185480194
609,2022,NEAR NORTH SIDE,33940.18158868803,43587.07121369545,6.81337723342196
610,2022,NEAR SOUTH SIDE,24669.441794981627,43032.306346108344,5.549487001679767
611,2022,NEAR WEST SIDE,37164.6717173522,36085.754680981605,6.821834854897495
612,2022,NEW CITY,28202.30022128525,52164.599525488506,6.498780508793955
613,2022,NORTH CENTER,31952.933894157766,52854.52576405289,7.015987106461154
614,2022,NORTH LAWNDALE,21453.495948978234,43699.53802828242,5.146840753927784
615,2022,NORTH PARK,37403.26920017579,44655.66161990451,7.309451822420188
616,2022,NORWOOD PARK,41379.31452694794,58331.386612694805,8.548499158518702
617,2022,OAKLAND,22148.278965746074,69963.22509237826,6.633340055980431
618,2022,OHARE,34819.787654757616,20728.94458949812,5.8324594864675365
619,2022,PORTAGE PARK,26782.779215016795,47940.54903541291,6.074121322542997
620,2022,PULLMAN,39322.79483078674,306879.8632957526,21.4793632245215
621,2022,RIVERDALE,40588.81706698241,92391.44316644114,9.345906630581867
622,2022,ROGERS PARK,23571.90082788901,67320.99927607535,6.684400635878858
623,2022,ROSELAND,34256.22562777589,54792.43100161222,7.422370966751554
624,2022,SOUTH CHICAGO,21751.36639394699,61186.8804748661,6.11480568771135
625,2022,SOUTH DEERING,39373.67826799464,87441.55300106139,9.830453272731601
626,2022,SOUTH LAWNDALE,39890.42115277674,63594.97976996701,8.632164892850204
627,2022,SOUTH SHORE,20166.288052991284,76193.91435071838,6.703143778632288
628,2022,UPTOWN,23255.003622563887,54960.39092970232,5.9884538707851975
629,2022,WASHINGTON HEIGHTS,40054.237672228264,51791.199980724494,8.026680983301201
630,2022,WASHINGTON PARK,18406.920874609164,61205.3883979591,5.675260289121326
631,2022,WEST ELSDON,50288.8075426228,33130.13902883923,8.383461463159088
632,2022,WEST ENGLEWOOD,29742.995547425024,34948.191629201276,5.774164273458441
633,2022,WEST GARFIELD PARK,33869.46974522796,60905.715035541456,7.696142652707422
634,2022,WEST LAWN,37184.880214077304,44122.679458638246,7.241512814344119
635,2022,WEST PULLMAN,26404.142483514763,48005.065369768054,6.135514677882132
636,2022,WEST RIDGE,21783.38144320799,66650.61230345958,6.411770484285489
637,2022,WEST TOWN,30675.78935665316,49755.83866019014,6.683223485126393
638,2022,WOODLAWN,41140.337917967976,30141.921389958723,9.859448608075818
